PortCreditWeekly11,co
TheWeekly17,co
TheWeekly20,co
PortCreditWeekly13,co
PortCreditWeekly15,co
TheWeekly19,co
TheWeekly26,co
TheWeekly18,co
SouthPeelWeekly_1,co
PortCreditWeekly10,co
PortCreditWeekly12,co
PortCreditWeekly14,co
PortCreditWeekly_7,co
PortCreditWeekly_5,co
TheWeekly_1,co
SouthPeelWeekly_30,co
SouthPeelWeekly_28,co
TheWeekly22,co
TheWeekly24,co
TheWeekly25,co
SouthPeelWeekly_29,co
MississaugaTimes_1,co
PortCreditWeekly_9,co
PortCreditWeekly16,co
PortCreditWeekly_6,co
PortCreditWeekly_8,co
TheWeekly23,co
TheWeekly27,co
PortCreditWeekly_1,co
PortCreditNews_2,co
TheWeekly,co
SouthPeelWeekly,co
PortCreditNews_4,co
MississaugaTimes,co
PortCreditNews,co
PortCreditWeekly,co
PortCreditNews_3,co
TheWeekly21,co
PortCreditNews_1,co
