BrooksBulletin_2,co
BrooksBulletin_53,co
BrooksBulletin_52,co
BrooksBulletin_20,co
BrooksBulletin_69,co
BrooksBulletin_79,co
BrooksBulletin_34,co
BrooksBulletin_35,co
BrooksBulletin_62,co
BrooksBulletin,co
BrooksBulletin_50,co
BrooksBulletin_57,co
BrooksBulletin_21,co
BrooksBulletin_60,co
BrooksBulletin_41,co
BrooksBulletin_18,co
BrooksBulletin_22,co
BrooksBulletin_15,co
BrooksBulletin_12,co
BrooksBulletin_70,co
BrooksBulletin_5,co
BrooksBulletin_61,co
BrooksBulletin_40,co
BrooksBulletin_68,co
BrooksBulletin_7,co
BrooksBulletin_63,co
BrooksBulletin_74,co
BrooksBulletin_46,co
BrooksBulletin_6,co
BrooksBulletin_71,co
BrooksBulletin_44,co
BrooksBulletin_42,co
BrooksBulletin_36,co
BrooksBulletin_37,co
BrooksBulletin_8,co
BrooksBulletin_3,co
BrooksBulletin_48,co
BrooksBulletin_17,co
BrooksBulletin_27,co
BrooksBulletin_16,co
BrooksBulletin_26,co
BrooksBulletin_4,co
BrooksBulletin_31,co
BrooksBulletin_56,co
BrooksBulletin_32,co
BrooksBulletin_1,co
BrooksBulletin_19,co
BrooksBulletin_58,co
BrooksBulletin_38,co
BrooksBulletin_24,co
BrooksBulletin_10,co
BrooksBulletin_64,co
BrooksBulletin_67,co
BrooksBulletin_14,co
BrooksBulletin_49,co
BrooksBulletin_28,co
BrooksBulletin_76,co
BrooksBulletin_9,co
BrooksBulletin_73,co
BrooksBulletin_45,co
BrooksBulletin_13,co
BrooksBulletin_25,co
BrooksBulletin_29,co
BrooksBulletin_77,co
BrooksBulletin_39,co
BrooksBulletin_66,co
BrooksBulletin_59,co
BrooksBulletin_33,co
BrooksBulletin_72,co
BrooksBulletin_55,co
BrooksBulletin_23,co
BrooksBulletin_75,co
BrooksBulletin_78,co
BrooksBulletin_47,co
BrooksBulletin_65,co
BrooksBulletin_51,co
BrooksBulletin_43,co
BrooksBulletin_11,co
BrooksBulletin_54,co
BrooksBulletin_30,co
