SOC_1401_59_01,"co,parl"
debates_HOC1904_04,"co,parl"
SDC_2201_98_01,"co,parl"
debates_SOC1805_01,"co,parl"
debates_SDC0903,"co,parl"
SDC_2602_111_02,"co,parl"
CDC_2404_107_01,"co,parl"
debates_HOC1207_05,"co,parl"
debates_SOC0701_07,"co,parl"
debates_CDC1202_03,"co,parl"
debates_SOC1904_01,"co,parl"
debates_SOC2107_01,"co,parl"
debates_HOC3001_04,"co,parl"
debates_HOC2601_06,"co,parl"
debates_CDC2403_20,"co,parl"
debates_SOC0202_02,"co,parl"
debates_SOC0602_06,"co,parl"
debates_CDC0902,"co,parl"
debates_HOC3301,"co,parl"
debates_SOC2801,"co,parl"
debates_SDC1501,"co,parl"
debates_CDC2602_01,"co,parl"
debates_HOC1301_01,"co,parl"
debates_CDC1206_03,"co,parl"
debates_HOC2107_02,"co,parl"
debates_SOC1305_01,"co,parl"
debates_SOC2103_01,"co,parl"
debates_SDC1901,"co,parl"
debates_HOC2201,"co,parl"
debates_CDC2401_04,"co,parl"
debates_CDC2005_03,"co,parl"
HOC_2501_109_01,"co,parl"
debates_HOC1704_04,"co,parl"
debates_HOC2102_02,"co,parl"
debates_SDC3003_01,"co,parl"
debates_HOC2202_20,"co,parl"
debates_SOC1902_01,"co,parl"
debates_SDC1003_01,"co,parl"
debates_HOC2402_02,"co,parl"
debates_CDC2201_05,"co,parl"
debates_CDC1803_03,"co,parl"
debates_SDC1603,"co,parl"
CDC_1604_67_01,"co,parl"
debates_HOC2106_20,"co,parl"
debates_HOC3301_10,"co,parl"
CDC_1103_46_01,"co,parl"
debates_HOC2203_05,"co,parl"
debates_SDC1001,"co,parl"
debates_SOC2203,"co,parl"
SDC_2902_120_01,"co,parl"
debates_SDC3403_02,"co,parl"
debates_HOC1905_02,"co,parl"
debates_CDC2201,"co,parl"
debates_SOC2804_01,"co,parl"
debates_HOC2101_03,"co,parl"
debates_HOC3402_08,"co,parl"
debates_HOC0801_08,"co,parl"
debates_HOC1301_02,"co,parl"
debates_CDC2402_05,"co,parl"
debates_HOC3301_20,"co,parl"
debates_CDC3201_14,"co,parl"
debates_HOC2902,"co,parl"
debates_CDC1704,"co,parl"
debates_CDC3301,"co,parl"
debates_CDC0903_01,"co,parl"
debates_CDC3302_05,"co,parl"
debates_HOC3301_02,"co,parl"
debates_HOC2404_06,"co,parl"
debates_CDC3201_03,"co,parl"
debates_SDC1103_01,"co,parl"
SOC_2405_108_01,"co,parl"
debates_CDC2104_04,"co,parl"
debates_CDC2602_05,"co,parl"
debates_CDC0901_02,"co,parl"
debates_HOC2803_10,"co,parl"
debates_CDC1404_02,"co,parl"
debates_SOC1704_01,"co,parl"
debates_CDC3302_12,"co,parl"
debates_CDC0503_02,"co,parl"
debates_SDC1205,"co,parl"
debates_CDC2701_04,"co,parl"
SDC_0903_38_01,"co,parl"
HOC_1004_43_01,"co,parl"
debates_CDC2601_20,"co,parl"
debates_SOC2104,"co,parl"
debates_HOC2603,"co,parl"
debates_HOC2404_04,"co,parl"
debates_SDC3201,"co,parl"
debates_CDC1706_04,"co,parl"
debates_CDC1603_01,"co,parl"
debates_SOC2702_01,"co,parl"
debates_SDC0202_01,"co,parl"
SOC_1702_69_01,"co,parl"
debates_CDC2803_05,"co,parl"
debates_HOC2002_01,"co,parl"
debates_HOC2102_20,"co,parl"
debates_CDC0704,"co,parl"
debates_SOC1706,"co,parl"
debates_HOC1801,"co,parl"
debates_CDC2104_20,"co,parl"
debates_HOC0401_01,"co,parl"
debates_HOC1001_20,"co,parl"
SOC_2804_118_01,"co,parl"
debates_SDC1402,"co,parl"
debates_CDC1801_02,"co,parl"
debates_CDC2403_01,"co,parl"
debates_HOC2301_04,"co,parl"
debates_HOC2201_03,"co,parl"
debates_CDC1201_02,"co,parl"
debates_CDC3402_11,"co,parl"
debates_CDC2106,"co,parl"
debates_HOC1804_01,"co,parl"
debates_HOC3302_12,"co,parl"
debates_HOC1201,"co,parl"
debates_HOC3201_99,"co,parl"
debates_HOC3403_11,"co,parl"
debates_CDC2105,"co,parl"
debates_SOC2202_01,"co,parl"
SDC_2802_116_01,"co,parl"
debates_HOC1207_02,"co,parl"
debates_HOC1804_02,"co,parl"
debates_HOC3301_08,"co,parl"
debates_HOC0502_02,"co,parl"
debates_CDC1704_03,"co,parl"
debates_CDC1403_05,"co,parl"
debates_HOC2405_01,"co,parl"
debates_CDC3501_01,"co,parl"
debates_CDC0501_01,"co,parl"
debates_CDC1801,"co,parl"
debates_HOC3201_20,"co,parl"
SDC_2105_95_01,"co,parl"
debates_HOC3501_04,"co,parl"
debates_CDC0704_02,"co,parl"
debates_SOC2603_01,"co,parl"
debates_CDC2201_20,"co,parl"
debates_HOC1603_02,"co,parl"
debates_HOC1804_04,"co,parl"
debates_HOC2601_20,"co,parl"
debates_CDC1404_01,"co,parl"
debates_CDC1304_01,"co,parl"
debates_CDC1804_02,"co,parl"
debates_CDC1704_20,"co,parl"
debates_CDC3302_20,"co,parl"
debates_CDC2901_06,"co,parl"
debates_HOC0704,"co,parl"
debates_CDC2901_03,"co,parl"
debates_HOC2001_01,"co,parl"
debates_HOC2102,"co,parl"
debates_HOC2102_01,"co,parl"
debates_HOC3403_15,"co,parl"
debates_CDC1202_02,"co,parl"
debates_CDC2104,"co,parl"
debates_CDC1402,"co,parl"
debates_CDC2902,"co,parl"
debates_HOC2003_20,"co,parl"
debates_HOC2401_20,"co,parl"
HOC_1102_45_01_A04,"co,parl"
debates_CDC1906_20,"co,parl"
CDC_0902_37_01,"co,parl"
debates_CDC1404_03,"co,parl"
debates_HOC2101_01,"co,parl"
debates_CDC1102,"co,parl"
debates_HOC2104,"co,parl"
debates_SOC3301,"co,parl"
debates_SOC2202,"co,parl"
debates_SDC1804_01,"co,parl"
debates_HOC2402_01,"co,parl"
debates_SOC3003,"co,parl"
debates_HOC0403_02,"co,parl"
debates_HOC1201_03,"co,parl"
debates_CDC2106_02,"co,parl"
debates_HOC3302_13,"co,parl"
SOC_1801_74_01,"co,parl"
debates_CDC1501_01,"co,parl"
debates_HOC3302_02,"co,parl"
debates_HOC1901,"co,parl"
debates_HOC1603_01,"co,parl"
SDC_2702_114_01,"co,parl"
debates_SOC0105_01,"co,parl"
debates_HOC0301,"co,parl"
debates_SOC1305,"co,parl"
debates_CDC3002,"co,parl"
debates_SDC0801_08,"co,parl"
debates_SOC1207_01,"co,parl"
debates_CDC0501_02,"co,parl"
debates_CDC1603_03,"co,parl"
debates_HOC1903_05,"co,parl"
debates_HOC2405_03,"co,parl"
debates_CDC3003,"co,parl"
debates_CDC1202_01,"co,parl"
debates_CDC1004_02,"co,parl"
debates_HOC3501_09,"co,parl"
debates_CDC3403_04,"co,parl"
debates_CDC0301,"co,parl"
CDC_1706_73_01,"co,parl"
debates_CDC1201_04,"co,parl"
debates_SDC2902,"co,parl"
debates_HOC0601,"co,parl"
debates_CDC0101_02,"co,parl"
debates_CDC2602_06,"co,parl"
debates_HOC0305_02,"co,parl"
debates_HOC3302_05,"co,parl"
HOC_Index_1904_1915,"co,parl"
debates_CDC0705_01,"co,parl"
debates_HOC3403_13,"co,parl"
SDC_2601_110_01,"co,parl"
debates_SOC0201_02,"co,parl"
debates_HOC1002,"co,parl"
debates_SOC1205,"co,parl"
debates_SOC0603,"co,parl"
debates_HOC3501_10,"co,parl"
SDC_2401_104_01,"co,parl"
debates_HOC1203_03,"co,parl"
debates_CDC3403_14,"co,parl"
debates_HOC0504_02,"co,parl"
debates_CDC1901_01,"co,parl"
debates_HOC3402_10,"co,parl"
debates_HOC0805_02,"co,parl"
CDC_0903_38_01_A01,"co,parl"
debates_HOC1103_04,"co,parl"
debates_CDC2106_04,"co,parl"
debates_SDC3003,"co,parl"
debates_HOC2802_04,"co,parl"
SOC_1302_55_01,"co,parl"
debates_SDC2105,"co,parl"
debates_CDC0502,"co,parl"
debates_SDC2301_01,"co,parl"
debates_SOC3101_01,"co,parl"
debates_HOC3201_04,"co,parl"
SOC_1802_75_01,"co,parl"
debates_HOC0904_04,"co,parl"
debates_SOC3302_02,"co,parl"
debates_CDC0703_07,"co,parl"
debates_SOC0302,"co,parl"
debates_CDC2202_03,"co,parl"
CDC_1004_43_01_A02,"co,parl"
debates_SOC0601_06,"co,parl"
debates_HOC1204_20,"co,parl"
debates_SOC2501,"co,parl"
debates_CDC2405_03,"co,parl"
debates_CDC2801_10,"co,parl"
debates_CDC1806_03,"co,parl,co,parl"
debates_SOC2803,"co,parl"
debates_SOC1204,"co,parl"
debates_HOC2701_20,"co,parl"
debates_HOC1102_03,"co,parl"
debates_CDC3402_09,"co,parl"
debates_HOC1001_04,"co,parl"
debates_HOC1303_02,"co,parl"
debates_HOC2602_06,"co,parl"
debates_HOC1302_01,"co,parl"
debates_SDC2104_01,"co,parl"
CDC_0903_38_01,"co,parl"
debates_HOC2203_04,"co,parl"
debates_SDC0805_08,"co,parl"
debates_SDC1204,"co,parl"
SOC_1805_78_01,"co,parl"
debates_HOC1102_05,"co,parl"
debates_HOC1103_02,"co,parl"
debates_CDC2802_07,"co,parl"
debates_HOC2402_05,"co,parl"
debates_HOC0403,"co,parl"
debates_HOC3201_12,"co,parl"
debates_CDC3004_04,"co,parl"
debates_SOC2701_02,"co,parl"
debates_HOC2201_01,"co,parl"
debates_CDC2002_04,"co,parl"
debates_CDC3302_08,"co,parl"
debates_HOC3002_04,"co,parl"
debates_CDC1101,"co,parl"
debates_HOC1905_20,"co,parl"
SOC_1103_46_01,"co,parl"
debates_HOC2104_05,"co,parl"
debates_CDC2701_01,"co,parl"
debates_SOC3402_02,"co,parl"
debates_HOC1305,"co,parl"
SDC_2402_105_01,"co,parl"
debates_CDC1702_04,"co,parl"
debates_SOC2104_01,"co,parl"
debates_CDC0601_01,"co,parl"
debates_HOC3201_17,"co,parl"
debates_CDC3001_12,"co,parl"
debates_SDC3403_01,"co,parl"
debates_HOC3501_06,"co,parl"
debates_HOC2701_02,"co,parl"
debates_HOC1602_20,"co,parl"
debates_CDC3301_06,"co,parl"
debates_HOC3201_13,"co,parl"
HOC_1001_40_01,"co,parl"
debates_CDC2301_03,"co,parl"
debates_CDC1802_20,"co,parl"
debates_SDC1201,"co,parl"
debates_SOC2403_01,"co,parl"
debates_CDC2401_20,"co,parl"
debates_CDC3403_16,"co,parl"
debates_HOC1103_03,"co,parl"
debates_HOC2203_07,"co,parl"
debates_CDC1202_06,"co,parl"
debates_CDC3001_06,"co,parl"
debates_HOC2203_06,"co,parl"
debates_SOC0902,"co,parl"
HOC_1803_76_01,"co,parl"
debates_CDC0904_03,"co,parl"
debates_HOC1902_03,"co,parl"
debates_HOC0705_02,"co,parl"
debates_HOC1201_02,"co,parl"
debates_CDC1601_02,"co,parl"
debates_HOC1304_05,"co,parl"
debates_SOC3201_03,"co,parl"
debates_HOC3501_08,"co,parl"
debates_HOC0704_01,"co,parl"
debates_SDC2201_01,"co,parl"
debates_CDC0401,"co,parl"
debates_HOC3001_12,"co,parl"
debates_CDC3101,"co,parl"
debates_SDC2501_01,"co,parl"
debates_SOC0502,"co,parl"
debates_HOC1003_02,"co,parl"
HOC_3002_122_01,"co,parl"
debates_SOC1403,"co,parl"
debates_HOC3302_15,"co,parl"
debates_HOC1304,"co,parl"
debates_HOC1603_20,"co,parl"
debates_HOC2901_07,"co,parl"
SDC_2501_109_01,"co,parl"
debates_SDC1903,"co,parl"
debates_HOC3101_20,"co,parl"
debates_SDC1704_01,"co,parl"
SDC_2203_100_01,"co,parl"
debates_CDC2107_04,"co,parl"
debates_HOC0805,"co,parl"
SOC_1102_45_01,"co,parl"
debates_HOC1404_03,"co,parl"
debates_CDC1604,"co,parl"
SDC_1806_79_01,"co,parl"
debates_SDC3403_03,"co,parl"
debates_HOC0602,"co,parl"
debates_CDC1905_02,"co,parl"
debates_HOC1203_05,"co,parl"
debates_HOC2501,"co,parl"
debates_CDC3301_02,"co,parl"
SOC_1403_61_01,"co,parl"
debates_SOC1401_01,"co,parl"
HOC_1701_68_01,"co,parl"
debates_CDC2403_02,"co,parl"
debates_CDC1704_05,"co,parl"
SOC_3401_130_01,"co,parl"
HOC_1207_53_01_A01,"co,parl"
SDC_2001_86_01,"co,parl"
debates_SOC2701,"co,parl"
debates_SOC2602_01,"co,parl"
debates_HOC1501_01,"co,parl"
debates_SOC2702,"co,parl"
HOC_1001_40_01_A01,"co,parl"
debates_CDC2201_06,"co,parl"
debates_CDC1804_20,"co,parl"
debates_HOC2901_02,"co,parl"
debates_CDC3402_02,"co,parl"
debates_SOC3202,"co,parl"
debates_CDC1903_01,"co,parl"
debates_CDC2802_06,"co,parl"
debates_SOC3302,"co,parl"
debates_CDC1604_03,"co,parl"
SDC_1805_78_01,"co,parl"
debates_SOC0202,"co,parl"
debates_HOC0902_02,"co,parl"
CDC_0904_39_01,"co,parl"
debates_SOC2101,"co,parl"
debates_SDC3301,"co,parl"
debates_SDC1704,"co,parl"
debates_HOC1501,"co,parl"
debates_CDC0801_08,"co,parl"
debates_CDC0604_02,"co,parl"
debates_SOC2005,"co,parl"
debates_SOC3403_01,"co,parl"
debates_CDC1801_01,"co,parl"
debates_HOC2105_20,"co,parl"
debates_SOC2802_02,"co,parl"
debates_CDC1403_01,"co,parl"
debates_HOC0201_01,"co,parl"
debates_HOC2107_04,"co,parl"
debates_CDC2202_20,"co,parl"
debates_SDC3201_03,"co,parl"
debates_CDC1301_01,"co,parl"
debates_HOC1404_01,"co,parl"
debates_HOC3002_07,"co,parl"
debates_HOC1102_01,"co,parl"
debates_CDC1205,"co,parl"
debates_HOC2801_05,"co,parl"
debates_CDC1902_04,"co,parl"
debates_HOC0901,"co,parl"
debates_HOC1905_03,"co,parl"
debates_CDC3201_25,"co,parl"
debates_HOC0805_01,"co,parl"
debates_CDC3001,"co,parl"
debates_SDC2501,"co,parl"
debates_SDC0803,"co,parl"
debates_CDC2405_20,"co,parl"
debates_HOC1702_01,"co,parl"
debates_HOC2101_20,"co,parl"
debates_SDC0802,"co,parl"
debates_CDC0603,"co,parl"
debates_CDC1004_06,"co,parl"
debates_CDC1207_05,"co,parl"
debates_CDC3302_10,"co,parl"
debates_HOC3101_01,"co,parl"
debates_HOC2002_04,"co,parl"
debates_CDC0803,"co,parl"
debates_HOC1703,"co,parl"
debates_SOC2902_01,"co,parl"
SOC_2204_101_01,"co,parl"
debates_HOC3402_20,"co,parl"
CDC_1905_84_01,"co,parl"
debates_HOC1905_05,"co,parl"
debates_CDC1001_05,"co,parl"
debates_HOC3202,"co,parl"
debates_SOC0903,"co,parl"
debates_HOC1202_05,"co,parl"
SOC_3302_129_02,"co,parl"
debates_CDC1206_20,"co,parl"
CDC_2103_93_01,"co,parl"
debates_SDC1301,"co,parl"
debates_HOC2801_08,"co,parl"
debates_HOC2802_08,"co,parl"
debates_CDC1203_03,"co,parl"
debates_SOC1303_01,"co,parl"
debates_CDC1302,"co,parl"
debates_CDC2105_01,"co,parl"
debates_CDC2107_02,"co,parl"
debates_SOC0902_01,"co,parl"
debates_HOC1401_02,"co,parl"
debates_HOC1205_20,"co,parl"
debates_CDC1002_20,"co,parl"
debates_HOC1404_20,"co,parl"
debates_CDC3004_01,"co,parl"
HOC_0901_36_01,"co,parl"
debates_SDC2803,"co,parl"
debates_SOC2201,"co,parl"
debates_CDC2701_10,"co,parl"
debates_SDC0201_01,"co,parl"
debates_HOC0504_01,"co,parl"
debates_CDC2701_12,"co,parl"
debates_SOC0805,"co,parl"
debates_SDC1004_02,"co,parl"
HOC_1205_51_01_A02,"co,parl"
debates_CDC0602_02,"co,parl"
debates_HOC2603_02,"co,parl"
debates_HOC2403_04,"co,parl"
debates_HOC1802_01,"co,parl"
debates_SDC0902,"co,parl"
debates_SOC1603,"co,parl"
debates_HOC1101_04,"co,parl"
debates_HOC3501_13,"co,parl"
CDC_1301_54_01_A01,"co,parl"
SOC_3101_125_01,"co,parl"
debates_CDC1004_07,"co,parl"
debates_HOC1701_20,"co,parl"
debates_HOC3302_20,"co,parl"
debates_SOC1003_01,"co,parl"
debates_SOC0201,"co,parl"
debates_CDC2801,"co,parl"
debates_SOC3001_03,"co,parl"
debates_SDC3402_03,"co,parl"
debates_HOC0305,"co,parl"
debates_CDC2403_07,"co,parl"
debates_HOC1706_02,"co,parl"
debates_SDC1205_01,"co,parl"
debates_HOC2202,"co,parl"
debates_HOC3201_02,"co,parl"
SOC_2205_102_01,"co,parl"
debates_HOC2702_07,"co,parl"
debates_CDC3201_24,"co,parl"
debates_HOC3002,"co,parl"
debates_HOC0804,"co,parl"
debates_SOC1801,"co,parl"
debates_HOC1206_20,"co,parl"
debates_HOC2803_06,"co,parl"
debates_CDC1903_04,"co,parl"
debates_HOC1702_04,"co,parl"
debates_SOC2004,"co,parl"
debates_SOC0401,"co,parl"
debates_HOC3201_09,"co,parl"
debates_CDC2901_20,"co,parl"
SOC_1906_85_01,"co,parl"
debates_SOC0901_01,"co,parl"
debates_HOC2403_06,"co,parl"
debates_CDC0404,"co,parl"
debates_CDC0305_02,"co,parl"
debates_CDC2003_04,"co,parl"
debates_HOC1101,"co,parl"
CDC_1207_53_01_A01,"co,parl"
debates_HOC2802_01,"co,parl"
debates_SDC2403,"co,parl"
debates_HOC1403_01,"co,parl"
debates_CDC3003_04,"co,parl"
debates_HOC3401_01,"co,parl"
debates_CDC1207_02,"co,parl"
debates_CDC3101_01,"co,parl"
debates_SDC0904,"co,parl"
debates_SOC1705,"co,parl"
HOC_3301_128_01,"co,parl"
debates_HOC0103,"co,parl"
debates_HOC0701_02,"co,parl"
debates_HOC0902_01,"co,parl"
HOC_2702_114_01,"co,parl"
HOC_2301_103_01,"co,parl"
debates_SOC3004,"co,parl"
debates_HOC1703_03,"co,parl"
HOC_1703_70_01,"co,parl"
HOC_1401_59_01,"co,parl"
debates_HOC3004_03,"co,parl"
debates_HOC2405,"co,parl"
debates_HOC0304,"co,parl"
debates_SOC3501,"co,parl"
debates_SOC1702_01,"co,parl"
CDC_1305_58_01,"co,parl"
CDC_1703_70_01_A01,"co,parl"
debates_CDC0903_03,"co,parl"
debates_SOC0602,"co,parl"
CDC_1806_79_01,"co,parl"
SDC_2106_96_01,"co,parl"
debates_SOC2106_01,"co,parl"
debates_CDC1905_06,"co,parl"
debates_HOC0502_01,"co,parl"
debates_CDC0904_01,"co,parl"
debates_HOC0703,"co,parl"
debates_CDC2105_02,"co,parl"
SDC_1902_81_01,"co,parl"
HOC_1103_46_01,"co,parl"
debates_CDC2203_04,"co,parl"
debates_CDC1205_02,"co,parl"
debates_HOC2301_01,"co,parl"
debates_HOC2201_20,"co,parl"
debates_SOC2105_01,"co,parl"
debates_SDC2101_01,"co,parl"
debates_CDC2005_20,"co,parl"
debates_CDC1604_01,"co,parl"
debates_CDC3301_07,"co,parl"
debates_HOC2401_02,"co,parl"
HOC_1402_60_01_A04,"co,parl"
CDC_2701_113_01,"co,parl"
debates_HOC3501_02,"co,parl"
debates_SOC0304_03,"co,parl"
debates_HOC3501_07,"co,parl"
debates_HOC3301_05,"co,parl"
SOC_3402_130_02,"co,parl"
debates_HOC2601_30,"co,parl"
debates_SDC1806_19,"co,parl"
debates_HOC2804_04,"co,parl"
debates_HOC2804_02,"co,parl"
debates_HOC0702,"co,parl"
debates_CDC1904_20,"co,parl"
debates_CDC3201_02,"co,parl"
SOC_3202_127_01,"co,parl"
debates_SOC1701,"co,parl"
debates_HOC1702_20,"co,parl"
debates_HOC2105_02,"co,parl"
debates_HOC1004_01,"co,parl"
debates_CDC2404_03,"co,parl"
debates_SDC3301_02,"co,parl"
debates_HOC2004_01,"co,parl"
debates_SOC2701_01,"co,parl"
debates_HOC3201_16,"co,parl"
debates_CDC1705,"co,parl"
debates_HOC3201_23,"co,parl"
debates_HOC0604_02,"co,parl"
debates_HOC0701,"co,parl"
SOC_1003_42_01,"co,parl"
debates_CDC1401_04,"co,parl"
debates_CDC2404_08,"co,parl"
debates_CDC1202_20,"co,parl"
debates_HOC1604_01,"co,parl"
debates_CDC1601_01,"co,parl"
HOC_1003_42_01,"co,parl"
debates_HOC3403_04,"co,parl"
debates_CDC2501_20,"co,parl"
debates_HOC1401,"co,parl"
debates_HOC0802_02,"co,parl"
SDC_2801_115_01,"co,parl"
debates_SOC2103,"co,parl"
debates_CDC1602,"co,parl"
debates_CDC2301_20,"co,parl"
debates_SOC3202_01,"co,parl"
debates_SOC2801_02,"co,parl"
debates_SDC2201,"co,parl"
HOC_1704_71_01,"co,parl"
debates_CDC2002_02,"co,parl"
debates_CDC0603_01,"co,parl"
debates_HOC1906,"co,parl"
debates_SDC1703,"co,parl"
debates_CDC2204,"co,parl"
SOC_1101_44_01,"co,parl"
debates_CDC2702_06,"co,parl"
SDC_2101_91_01,"co,parl"
debates_CDC2501_01,"co,parl"
debates_HOC3003,"co,parl"
debates_CDC1706_01,"co,parl"
debates_HOC2202_06,"co,parl"
debates_CDC2001,"co,parl"
debates_HOC0802,"co,parl"
debates_SOC0304,"co,parl"
debates_CDC3501_14,"co,parl"
debates_HOC1001_03,"co,parl"
debates_CDC1102_05,"co,parl"
debates_CDC2104_03,"co,parl"
debates_CDC3201_06,"co,parl"
debates_HOC0804_02,"co,parl"
debates_CDC0701,"co,parl"
debates_CDC1003,"co,parl"
debates_SDC1602_01,"co,parl"
debates_HOC0105,"co,parl"
CDC_1905_84_01_A01,"co,parl"
debates_HOC2501_02,"co,parl"
SOC_1404_62_01,"co,parl"
debates_SDC1805,"co,parl"
debates_SOC0101,"co,parl"
debates_CDC1903,"co,parl"
debates_HOC1902_01,"co,parl"
debates_HOC3301_06,"co,parl"
debates_HOC1903_20,"co,parl"
debates_SOC0802,"co,parl"
debates_SDC2203,"co,parl"
debates_CDC3403_09,"co,parl"
debates_SDC1702_01,"co,parl"
debates_SOC1302_01,"co,parl"
debates_SDC1905_01,"co,parl"
debates_HOC2804,"co,parl"
debates_HOC0701_01,"co,parl"
debates_HOC2003_04,"co,parl"
debates_HOC3301_04,"co,parl"
debates_CDC1804,"co,parl"
debates_SDC3001,"co,parl"
SOC_2801_115_02,"co,parl"
debates_SOC0801,"co,parl"
HOC_1801_74_01,"co,parl"
debates_CDC1906,"co,parl"
debates_SOC3002,"co,parl"
debates_SDC3002_01,"co,parl"
HOC_1102_45_01_A01,"co,parl"
debates_CDC1703_01,"co,parl"
debates_HOC3002_20,"co,parl"
debates_SOC2106,"co,parl"
debates_SOC0303_03,"co,parl"
debates_SOC0705_07,"co,parl"
debates_CDC1804_04,"co,parl"
debates_CDC1003_20,"co,parl"
debates_CDC2902_20,"co,parl"
debates_HOC0705,"co,parl"
debates_CDC1904_02,"co,parl"
SDC_2403_106_01,"co,parl"
debates_CDC2603,"co,parl"
debates_HOC2106_03,"co,parl"
debates_CDC2107_03,"co,parl"
debates_CDC1903_02,"co,parl"
debates_SDC0101_02,"co,parl"
debates_HOC1001_05,"co,parl"
debates_CDC3301_08,"co,parl"
SOC_2301_103_01,"co,parl"
debates_CDC1806_01,"co,parl"
debates_SDC2202_01,"co,parl"
CDC_1304_57_01,"co,parl"
debates_HOC1002_04,"co,parl"
debates_HOC1205_02,"co,parl"
SOC_1602_65_01,"co,parl"
debates_SOC1806,"co,parl"
debates_SDC3301_03,"co,parl"
debates_CDC3402_05,"co,parl"
debates_HOC2004_06,"co,parl"
SOC_0902_37_01,"co,parl"
HOC_1706_73_01,"co,parl"
debates_SDC0801,"co,parl"
CDC_2003_88_01,"co,parl"
debates_HOC2101,"co,parl"
debates_CDC0803_01,"co,parl"
debates_CDC3501_07,"co,parl"
debates_HOC2701_09,"co,parl"
debates_SOC3302_01,"co,parl"
debates_SOC1303,"co,parl"
debates_SDC1304,"co,parl"
CDC_1702_69_01_A02,"co,parl"
debates_HOC1202_01,"co,parl"
debates_HOC1304_04,"co,parl"
debates_HOC0104_01,"co,parl"
HOC_2603_112_01,"co,parl"
debates_HOC1705_20,"co,parl"
debates_SOC0704,"co,parl"
debates_HOC0501_01,"co,parl"
debates_HOC3402_09,"co,parl"
debates_HOC3001,"co,parl"
debates_HOC1003_03,"co,parl"
debates_HOC1803_04,"co,parl"
debates_SDC2107_01,"co,parl"
debates_CDC2603_20,"co,parl"
debates_HOC3004_04,"co,parl"
debates_CDC2403_04,"co,parl"
debates_SDC1101,"co,parl"
debates_HOC1604_03,"co,parl"
debates_SOC1004_02,"co,parl"
debates_HOC3201_22,"co,parl"
debates_HOC3301_03,"co,parl"
debates_CDC2803_03,"co,parl"
debates_HOC0304_03,"co,parl"
debates_HOC1604_02,"co,parl"
HOC_2201_98_01,"co,parl"
debates_CDC3501_09,"co,parl"
debates_CDC3201_23,"co,parl"
debates_CDC2203_05,"co,parl"
debates_CDC2403_05,"co,parl"
debates_SOC0305,"co,parl"
debates_HOC1103_01,"co,parl"
debates_HOC1201_01,"co,parl"
debates_HOC0903_03,"co,parl"
debates_CDC3201_21,"co,parl"
debates_HOC1201_20,"co,parl"
debates_HOC2801_04,"co,parl"
debates_SOC0706_07,"co,parl"
debates_HOC1602_01,"co,parl"
debates_SDC2701_01,"co,parl"
debates_HOC2802_02,"co,parl"
debates_HOC2803_03,"co,parl"
debates_HOC1203_20,"co,parl"
debates_CDC2804_20,"co,parl"
debates_CDC2004_03,"co,parl"
debates_SOC0803,"co,parl"
debates_SOC0903_02,"co,parl"
debates_CDC0404_04,"co,parl"
CDC_1001_40_01_A03,"co,parl"
debates_SDC3302_02,"co,parl"
debates_SOC3003_01,"co,parl"
debates_CDC2702_04,"co,parl"
debates_CDC3302_15,"co,parl"
debates_SOC1204_01,"co,parl"
debates_HOC2205_20,"co,parl"
debates_SOC2102,"co,parl"
debates_HOC0904_02,"co,parl"
debates_HOC2107_05,"co,parl"
debates_CDC2202_02,"co,parl"
debates_CDC0801,"co,parl"
debates_CDC0805,"co,parl"
debates_SOC0104_01,"co,parl"
SDC_2204_101_01,"co,parl"
debates_CDC1205_20,"co,parl"
debates_SDC2702,"co,parl"
debates_CDC0104,"co,parl"
debates_CDC2002,"co,parl"
debates_SOC1805,"co,parl"
debates_HOC1305_03,"co,parl"
debates_HOC1202_03,"co,parl"
debates_HOC0601_02,"co,parl"
debates_HOC1004,"co,parl"
debates_HOC0604,"co,parl"
HOC_2601_110_01,"co,parl"
debates_CDC1602_02,"co,parl"
debates_CDC2003_05,"co,parl"
debates_CDC1001_04,"co,parl"
SDC_2804_118_01,"co,parl"
debates_CDC1303,"co,parl"
debates_HOC2003_06,"co,parl"
debates_CDC2804_01,"co,parl"
debates_HOC3002_02,"co,parl"
debates_HOC1205_01,"co,parl"
debates_SDC3402_01,"co,parl"
debates_SOC0805_08,"co,parl"
debates_CDC2102_03,"co,parl"
debates_CDC1403_04,"co,parl"
debates_CDC3001_14,"co,parl"
debates_CDC3501_10,"co,parl"
debates_CDC2101_01,"co,parl"
debates_HOC1205,"co,parl"
debates_HOC2602_08,"co,parl"
debates_HOC0705_01,"co,parl"
debates_SDC1802,"co,parl"
HOC_1302_55_01_A01,"co,parl"
debates_HOC2803_05,"co,parl"
debates_SDC1102_01,"co,parl"
debates_SOC2003_01,"co,parl"
debates_SDC2405_01,"co,parl"
debates_HOC1705_01,"co,parl"
debates_CDC1803_02,"co,parl"
debates_CDC2405,"co,parl"
debates_SOC1706_01,"co,parl"
debates_HOC2901,"co,parl"
debates_HOC2404,"co,parl"
debates_CDC1902,"co,parl"
HOC_1201_47_01,"co,parl"
debates_HOC1004_04,"co,parl"
debates_HOC2701_03,"co,parl"
debates_HOC1206,"co,parl"
debates_SOC1101,"co,parl"
debates_CDC3403,"co,parl"
debates_CDC1303_01,"co,parl"
debates_HOC2801_07,"co,parl"
debates_CDC1706_02,"co,parl"
debates_CDC2601_01,"co,parl"
debates_CDC2301_02,"co,parl"
debates_HOC0503,"co,parl"
CDC_2402_105_01,"co,parl"
debates_HOC0903_01,"co,parl"
debates_SOC1401,"co,parl"
debates_SDC1202,"co,parl"
debates_SOC2204,"co,parl"
debates_SDC1401,"co,parl"
debates_SOC2803_01,"co,parl"
SOC_1701_68_01,"co,parl"
debates_SOC2402,"co,parl"
debates_CDC1206,"co,parl"
debates_SDC1904_01,"co,parl"
debates_HOC3302_07,"co,parl"
debates_CDC0401_01,"co,parl"
debates_CDC3001_04,"co,parl"
debates_CDC3403_06,"co,parl"
CDC_1202_48_01,"co,parl"
debates_HOC1803_02,"co,parl"
debates_HOC3301_09,"co,parl"
debates_HOC1402_04,"co,parl"
debates_SOC1304_01,"co,parl"
debates_CDC3201_08,"co,parl"
debates_HOC3201_11,"co,parl"
debates_CDC0402,"co,parl"
debates_HOC2003,"co,parl"
HOC_2204_101_01,"co,parl"
SDC_1705_72_01,"co,parl"
CDC_1102_45_01,"co,parl"
debates_CDC2801_04,"co,parl"
debates_CDC0303,"co,parl"
debates_SOC0403,"co,parl"
debates_HOC2403_07,"co,parl"
SDC_1204_50_01,"co,parl"
debates_CDC0105_01,"co,parl"
SDC_1704_71_01,"co,parl"
debates_CDC2602,"co,parl"
debates_CDC3401,"co,parl"
debates_CDC1004,"co,parl"
debates_SOC1402_01,"co,parl"
debates_CDC2803_06,"co,parl"
debates_CDC1304_05,"co,parl"
debates_HOC2106_02,"co,parl"
debates_SDC1002_01,"co,parl"
debates_SOC0901,"co,parl"
debates_SOC0702,"co,parl"
debates_CDC1901,"co,parl"
debates_SDC1201_01,"co,parl"
debates_HOC0903_04,"co,parl"
debates_HOC1601_20,"co,parl"
debates_SOC0803_08,"co,parl"
debates_HOC3301_01,"co,parl"
debates_CDC2603_01,"co,parl"
debates_HOC2601_01,"co,parl"
SOC_1704_71_01,"co,parl"
debates_SOC2901,"co,parl"
debates_SOC1803_01,"co,parl"
debates_HOC2701_06,"co,parl"
debates_SDC3201_02,"co,parl"
debates_CDC3302_09,"co,parl"
debates_SOC1002,"co,parl"
debates_CDC2103,"co,parl"
debates_CDC1403,"co,parl"
debates_SOC1206,"co,parl"
debates_CDC3402_14,"co,parl"
HOC_1602_65_01,"co,parl"
debates_CDC2804_02,"co,parl"
debates_HOC1404_05,"co,parl"
debates_SOC3301_01,"co,parl"
debates_CDC0902_02,"co,parl"
debates_SDC2804_01,"co,parl"
debates_CDC0502_01,"co,parl"
debates_HOC3302,"co,parl"
debates_SOC0703,"co,parl"
debates_HOC2005_03,"co,parl"
debates_CDC1305_04,"co,parl"
debates_CDC1003_04,"co,parl"
debates_SDC2004,"co,parl"
debates_SOC2001_01,"co,parl"
debates_CDC3001_13,"co,parl"
debates_CDC0904_05,"co,parl"
debates_SDC3401_01,"co,parl"
debates_HOC1501_05,"co,parl"
debates_CDC0602_01,"co,parl"
debates_HOC1002_02,"co,parl"
debates_SDC2001,"co,parl"
debates_SDC2402_01,"co,parl"
debates_CDC1102_03,"co,parl"
debates_HOC2802_07,"co,parl"
debates_CDC1501_02,"co,parl"
debates_HOC2104_02,"co,parl"
debates_CDC2204_20,"co,parl"
debates_SOC0404,"co,parl"
SOC_1207_53_01,"co,parl"
debates_HOC2901_03,"co,parl"
debates_SDC1303,"co,parl"
SDC_2002_87_01,"co,parl"
debates_CDC3003_03,"co,parl"
debates_SOC1102,"co,parl"
debates_SOC1704,"co,parl"
debates_HOC2902_01,"co,parl"
debates_HOC3501_01,"co,parl"
debates_CDC1703_02,"co,parl"
CDC_1501_63_01,"co,parl"
CDC_1303_56_01,"co,parl"
debates_CDC2202_05,"co,parl"
debates_CDC3301_09,"co,parl"
debates_HOC1601,"co,parl"
CDC_1206_52_01_A01,"co,parl"
debates_CDC0804,"co,parl"
debates_CDC1207_01,"co,parl"
debates_CDC1403_02,"co,parl"
debates_HOC1102_04,"co,parl"
debates_HOC0801,"co,parl"
debates_CDC0802_02,"co,parl"
debates_CDC2105_20,"co,parl"
debates_HOC1805,"co,parl"
SOC_2404_107_01,"co,parl"
HOC_1301_54_01,"co,parl"
SDC_1804_77_01,"co,parl"
CDC_1403_61_01_A02,"co,parl"
HOC_3004_124_01,"co,parl"
debates_CDC3302_04,"co,parl"
SOC_1903_82_01,"co,parl"
SOC_3002_122_01,"co,parl"
journals_HOC,"co,parl"
CDC_1101_44_01_A01,"co,parl"
HOC_1002_41_01_A02,"co,parl"
HOC_1004_43_01_A01,"co,parl"
debates_CDC3201_15,"co,parl"
debates_HOC2103,"co,parl"
debates_HOC3001_06,"co,parl"
debates_CDC2603_02,"co,parl"
debates_SDC1404_01,"co,parl"
debates_HOC3403_03,"co,parl"
debates_HOC0903_02,"co,parl"
debates_CDC2702_05,"co,parl"
debates_HOC1202_04,"co,parl"
debates_CDC2702_07,"co,parl"
SDC_2003_88_01,"co,parl"
debates_CDC1304_02,"co,parl"
debates_CDC0604_01,"co,parl"
debates_CDC1802_03,"co,parl"
debates_HOC2005_20,"co,parl"
debates_CDC1802_02,"co,parl"
debates_CDC1404_04,"co,parl"
debates_SDC1303_01,"co,parl"
debates_SDC3201_05,"co,parl"
debates_SDC0803_08,"co,parl"
debates_CDC2802_03,"co,parl"
debates_SDC2002,"co,parl"
debates_HOC2802,"co,parl"
debates_CDC2804_04,"co,parl"
debates_CDC2002_05,"co,parl"
debates_HOC1602_02,"co,parl"
debates_HOC2403_03,"co,parl"
debates_CDC3201_05,"co,parl"
debates_CDC3501_12,"co,parl"
debates_SOC1002_01,"co,parl"
SDC_1905_84_01,"co,parl"
CDC_1304_57_01_A01,"co,parl"
debates_SOC1501,"co,parl"
debates_HOC1501_02,"co,parl"
debates_HOC2701_14,"co,parl"
debates_HOC0804_03,"co,parl"
debates_HOC1704_03,"co,parl"
debates_HOC1904_20,"co,parl"
CDC_1302_55_01_A01,"co,parl"
debates_CDC1904_01,"co,parl"
debates_SOC0303,"co,parl"
debates_HOC0503_03,"co,parl"
debates_SDC0903_01,"co,parl"
debates_HOC1103_20,"co,parl"
debates_CDC1206_04,"co,parl"
debates_HOC3001_11,"co,parl"
debates_HOC3302_10,"co,parl"
debates_HOC1403,"co,parl"
debates_CDC2602_04,"co,parl"
debates_CDC3202_02,"co,parl"
debates_HOC3402_04,"co,parl"
debates_CDC3201_12,"co,parl"
debates_SDC3301_01,"co,parl"
debates_SOC0104,"co,parl"
debates_HOC3001_10,"co,parl"
debates_CDC2901_02,"co,parl"
debates_SOC2105,"co,parl"
debates_CDC1205_03,"co,parl"
debates_CDC1501_04,"co,parl"
debates_SDC1302_01,"co,parl"
debates_HOC0805_03,"co,parl"
debates_SOC2405_01,"co,parl"
debates_CDC2801_02,"co,parl"
debates_SDC1604_01,"co,parl"
debates_CDC2702_02,"co,parl"
debates_CDC0304,"co,parl"
CDC_2102_92_01,"co,parl"
debates_SOC2403,"co,parl"
debates_SOC0504_05,"co,parl"
HOC_1702_69_01_A02,"co,parl"
debates_SDC3101_01,"co,parl"
debates_CDC2801_20,"co,parl"
debates_HOC2205_03,"co,parl"
debates_HOC1703_01,"co,parl"
debates_CDC2001_02,"co,parl"
debates_SOC2401_01,"co,parl"
SDC_2603_112_02,"co,parl"
SOC_3201_126_04,"co,parl"
debates_HOC1806_01,"co,parl"
debates_SOC3002_02,"co,parl"
debates_CDC2404_20,"co,parl"
debates_HOC2202_05,"co,parl"
debates_CDC1004_05,"co,parl"
debates_HOC1102,"co,parl"
debates_CDC1701_19,"co,parl"
CDC_1704_71_01,"co,parl"
debates_SOC1801_01,"co,parl"
CDC_1305_58_01_A01,"co,parl"
debates_HOC1206_01,"co,parl"
debates_SOC0302_03,"co,parl"
CDC_1102_45_01_A02,"co,parl"
debates_CDC0901_01,"co,parl"
debates_CDC1905_05,"co,parl"
HOC_3403_132_02,"co,parl"
debates_CDC0903,"co,parl"
debates_HOC1402,"co,parl"
debates_HOC1902,"co,parl"
debates_SOC0403_04,"co,parl"
debates_HOC3403_06,"co,parl"
debates_CDC2402_20,"co,parl"
debates_HOC2601_04,"co,parl"
debates_HOC1903,"co,parl"
debates_HOC2701,"co,parl"
debates_HOC1806,"co,parl"
HOC_3201_126_01,"co,parl"
debates_SDC2801_01,"co,parl"
SOC_1001_40_01,"co,parl"
debates_SOC1304,"co,parl"
CDC_3001_121_02,"co,parl"
debates_CDC3002_01,"co,parl"
debates_CDC0103_01,"co,parl"
debates_CDC2202_04,"co,parl"
debates_CDC2104_01,"co,parl"
debates_HOC0402_01,"co,parl"
debates_CDC0305,"co,parl"
SOC_1804_77_01,"co,parl"
debates_SOC3004_01,"co,parl"
debates_SDC3201_20,"co,parl"
debates_SOC2107,"co,parl"
debates_CDC0705,"co,parl"
debates_HOC1704_02,"co,parl"
debates_CDC3201_18,"co,parl"
debates_CDC3501_11,"co,parl"
debates_CDC2601,"co,parl"
debates_CDC1101_02,"co,parl"
debates_HOC3201_25,"co,parl"
debates_CDC2101,"co,parl"
SDC_2104_94_01,"co,parl"
debates_SDC1702,"co,parl"
debates_CDC3403_08,"co,parl"
HOC_2205_102_01,"co,parl"
debates_CDC3101_20,"co,parl"
HOC_1705_72_01,"co,parl"
debates_HOC1802,"co,parl"
debates_HOC1207_01,"co,parl"
debates_HOC1002_01,"co,parl"
debates_HOC2902_20,"co,parl"
debates_HOC0706,"co,parl"
debates_CDC0303_03,"co,parl"
debates_HOC0404_04,"co,parl"
debates_CDC2803_08,"co,parl"
debates_HOC2402_03,"co,parl"
SOC_3301_128_02,"co,parl"
debates_CDC3402_08,"co,parl"
debates_CDC1202,"co,parl"
debates_SDC2105_01,"co,parl"
SOC_1603_66_01,"co,parl"
SDC_1102_45_01,"co,parl"
debates_CDC2401_02,"co,parl"
debates_HOC1202_06,"co,parl"
SDC_2801_115_02,"co,parl"
debates_SOC2804,"co,parl"
debates_CDC2002_20,"co,parl"
debates_CDC3402_12,"co,parl"
debates_HOC2701_01,"co,parl"
debates_CDC1702_03,"co,parl"
HOC_1905_84_01_A02,"co,parl"
debates_SDC1905,"co,parl"
debates_HOC2104_04,"co,parl"
debates_CDC2203_07,"co,parl"
debates_HOC1301,"co,parl"
debates_HOC2104_01,"co,parl"
debates_CDC3302_14,"co,parl"
debates_SOC2603,"co,parl"
SDC_1803_76_01,"co,parl"
HOC_2403_106_01,"co,parl"
debates_CDC2701_02,"co,parl"
debates_CDC0604,"co,parl"
debates_CDC1703,"co,parl"
debates_CDC3002_05,"co,parl"
debates_CDC0502_02,"co,parl"
debates_HOC3201_14,"co,parl"
debates_SOC1903_01,"co,parl"
debates_HOC2702_03,"co,parl"
debates_HOC2201_06,"co,parl"
SDC_2901_119_01,"co,parl"
debates_SDC2404,"co,parl"
debates_HOC2702_05,"co,parl"
debates_HOC0904_01,"co,parl"
debates_SOC3001_02,"co,parl"
debates_CDC0701_03,"co,parl"
debates_SDC2402,"co,parl"
debates_HOC2701_08,"co,parl"
debates_CDC3402_03,"co,parl"
debates_SDC2001_01,"co,parl"
debates_CDC3001_11,"co,parl"
SDC_2005_90_01,"co,parl"
debates_CDC2602_12,"co,parl"
HOC_2002_87_01,"co,parl"
debates_HOC2801,"co,parl"
debates_HOC0904_03,"co,parl"
debates_SDC1207_01,"co,parl"
debates_CDC1203,"co,parl"
SOC_1204_50_01,"co,parl"
debates_HOC3401,"co,parl"
debates_CDC2801_09,"co,parl"
debates_CDC0403_01,"co,parl"
HOC_1204_50_01,"co,parl"
SOC_3501_132_01,"co,parl"
debates_HOC1803_01,"co,parl"
debates_SDC0105_01,"co,parl"
debates_SOC1001_01,"co,parl"
debates_HOC1901_01,"co,parl"
debates_HOC1705,"co,parl"
debates_SDC3201_01,"co,parl"
debates_HOC0803_01,"co,parl"
debates_SOC0102,"co,parl"
debates_HOC0904,"co,parl"
debates_SOC1602_01,"co,parl"
debates_CDC1003_01,"co,parl"
debates_SDC0904_01,"co,parl"
CDC_2803_117_01,"co,parl"
SDC_1003_42_01,"co,parl"
debates_HOC2202_03,"co,parl"
debates_CDC1904_04,"co,parl"
CDC_2301_103_01,"co,parl"
debates_CDC1304_04,"co,parl"
debates_CDC2104_05,"co,parl"
debates_CDC3202_03,"co,parl"
debates_SOC1906_01,"co,parl"
debates_CDC3401_01,"co,parl"
debates_HOC2804_03,"co,parl"
debates_SOC2101_01,"co,parl"
debates_CDC1802,"co,parl"
debates_SDC2802_02,"co,parl"
debates_SDC2102,"co,parl"
debates_CDC2601_03,"co,parl"
SOC_1703_70_01,"co,parl"
debates_CDC1804_03,"co,parl"
debates_HOC1002_20,"co,parl"
debates_SOC1203,"co,parl"
debates_CDC1302_02,"co,parl"
debates_HOC2203_01,"co,parl"
debates_CDC1102_04,"co,parl"
debates_CDC0706,"co,parl"
SDC_2701_113_02,"co,parl"
debates_CDC2702_01,"co,parl"
debates_SDC1102,"co,parl"
debates_HOC1004_20,"co,parl"
debates_CDC2701_11,"co,parl"
debates_HOC3302_03,"co,parl"
HOC_1101_44_01,"co,parl"
debates_HOC2602_20,"co,parl"
debates_CDC1905,"co,parl"
debates_HOC1704_01,"co,parl"
debates_CDC1801_03,"co,parl"
debates_HOC1101_20,"co,parl"
debates_HOC1803,"co,parl"
debates_HOC1203_01,"co,parl"
debates_HOC2203_03,"co,parl"
debates_CDC1403_03,"co,parl"
debates_CDC1401_01,"co,parl"
debates_CDC1302_05,"co,parl"
debates_CDC2301_01,"co,parl"
debates_SDC3501,"co,parl"
debates_CDC1304,"co,parl"
debates_SDC0804,"co,parl"
debates_SOC0504,"co,parl"
debates_CDC2902_02,"co,parl"
debates_HOC2205_01,"co,parl"
SDC_1904_83_01,"co,parl"
debates_CDC1402_05,"co,parl"
debates_CDC0402_01,"co,parl"
debates_CDC2203_03,"co,parl"
debates_CDC1203_20,"co,parl"
debates_HOC1004_07,"co,parl"
debates_HOC2802_20,"co,parl"
debates_CDC0601,"co,parl"
debates_SOC0804,"co,parl"
debates_CDC1301_02,"co,parl"
debates_HOC2701_10,"co,parl"
debates_HOC3201_08,"co,parl"
CDC_1004_43_01_A01,"co,parl"
debates_SOC1905,"co,parl"
HOC_2202_99_01,"co,parl"
debates_HOC3403_09,"co,parl"
debates_CDC1806,"co,parl"
debates_CDC2205_20,"co,parl"
debates_HOC2803_01,"co,parl"
debates_CDC1004_01,"co,parl"
SDC_1906_85_01,"co,parl"
debates_CDC2802_20,"co,parl"
HOC_2005_90_01,"co,parl"
debates_SDC2701,"co,parl"
debates_CDC2602_20,"co,parl"
debates_HOC2004_02,"co,parl"
debates_HOC2301_02,"co,parl"
debates_SOC3403_04,"co,parl"
debates_CDC2004_05,"co,parl"
SDC_2701_113_01,"co,parl"
debates_HOC2403_20,"co,parl"
debates_HOC1304_01,"co,parl"
debates_SOC1207,"co,parl"
debates_CDC2205,"co,parl"
debates_CDC1301,"co,parl"
debates_HOC1904,"co,parl"
debates_HOC0202,"co,parl"
HOC_1305_58_01,"co,parl"
SOC_2106_96_01,"co,parl"
debates_CDC0504_02,"co,parl"
SOC_2702_114_01,"co,parl"
debates_HOC3402_13,"co,parl"
debates_CDC2501_02,"co,parl"
debates_HOC3501_14,"co,parl"
debates_CDC2003_02,"co,parl"
HOC_3003_123_01,"co,parl"
debates_CDC3501_15,"co,parl"
debates_CDC3004,"co,parl"
CDC_0901_36_01,"co,parl"
debates_CDC1705_03,"co,parl"
debates_CDC2501_03,"co,parl"
debates_HOC1501_03,"co,parl"
debates_SOC3402_03,"co,parl"
debates_SDC3201_04,"co,parl"
SOC_2902_120_01,"co,parl"
debates_SDC3501_02,"co,parl"
debates_SDC2107,"co,parl"
debates_HOC3201_05,"co,parl"
debates_CDC3002_07,"co,parl"
debates_HOC1302_05,"co,parl"
debates_HOC2405_02,"co,parl"
debates_CDC3301_20,"co,parl"
debates_SDC1401_01,"co,parl"
debates_CDC2404,"co,parl"
debates_CDC1001,"co,parl"
debates_HOC1101_01,"co,parl"
debates_SOC3501_01,"co,parl"
debates_SDC1804,"co,parl"
debates_SOC1803,"co,parl"
debates_SDC2204,"co,parl"
debates_CDC1003_02,"co,parl"
debates_CDC1002_01,"co,parl"
debates_HOC2601_02,"co,parl"
debates_CDC1804_01,"co,parl"
SOC_1604_67_01,"co,parl"
SOC_2401_104_01,"co,parl"
debates_CDC2603_03,"co,parl"
debates_HOC3501_20,"co,parl"
SOC_1002_41_01,"co,parl"
debates_SDC1206,"co,parl"
debates_HOC3402,"co,parl"
debates_CDC0403_02,"co,parl"
debates_HOC3402_01,"co,parl"
debates_CDC2101_02,"co,parl"
SDC_1602_65_01,"co,parl"
debates_SOC1602,"co,parl"
debates_SDC0901,"co,parl"
debates_CDC0601_02,"co,parl"
debates_HOC1403_04,"co,parl"
debates_CDC1004_04,"co,parl"
debates_CDC0802_01,"co,parl"
debates_HOC1705_04,"co,parl"
debates_CDC1302_01,"co,parl"
debates_CDC1103_01,"co,parl"
debates_SDC2901_02,"co,parl"
debates_CDC3001_03,"co,parl"
debates_SOC2301_01,"co,parl"
debates_CDC1003_03,"co,parl"
debates_HOC2602_02,"co,parl"
debates_CDC0704_01,"co,parl"
debates_HOC3403_05,"co,parl"
SOC_3001_121_01,"co,parl"
debates_CDC1603_02,"co,parl"
debates_CDC2102_02,"co,parl"
debates_CDC2203_02,"co,parl"
debates_SDC2801,"co,parl"
debates_HOC0503_01,"co,parl"
debates_HOC0501,"co,parl"
HOC_0903_38_01_A01,"co,parl"
debates_HOC1705_02,"co,parl"
debates_CDC0401_02,"co,parl"
debates_CDC0901,"co,parl"
debates_SOC2801_01,"co,parl"
debates_HOC1004_03,"co,parl"
debates_HOC3501_15,"co,parl"
debates_CDC2401_01,"co,parl"
debates_SOC1601,"co,parl"
debates_CDC1305_05,"co,parl"
debates_HOC1802_03,"co,parl"
SDC_1901_80_01,"co,parl"
debates_HOC2002_20,"co,parl"
HOC_1002_41_01,"co,parl"
debates_CDC2801_07,"co,parl"
debates_HOC1905_06,"co,parl"
debates_SDC1101_01,"co,parl"
debates_HOC2901_05,"co,parl"
SOC_1901_80_01,"co,parl"
debates_CDC1806_02,"co,parl,co,parl"
debates_HOC2401_03,"co,parl"
debates_HOC1207_04,"co,parl"
debates_CDC2803_04,"co,parl"
debates_CDC1103_05,"co,parl"
debates_CDC1101_01,"co,parl"
debates_HOC2801_03,"co,parl"
debates_CDC1501,"co,parl"
debates_SOC2204_01,"co,parl"
debates_HOC1904_02,"co,parl"
debates_CDC2205_01,"co,parl"
debates_CDC1501_05,"co,parl"
HOC_1402_60_01_A02,"co,parl"
debates_HOC2804_01,"co,parl"
debates_CDC3403_10,"co,parl"
debates_CDC3201_16,"co,parl"
debates_CDC2602_09,"co,parl"
debates_CDC1001_01,"co,parl"
debates_HOC2002_03,"co,parl"
debates_HOC3003_04,"co,parl"
debates_SOC0103_01,"co,parl"
debates_CDC2601_06,"co,parl"
debates_CDC2002_03,"co,parl"
debates_SDC2603,"co,parl"
debates_HOC2205,"co,parl"
debates_SOC2004_01,"co,parl"
HOC_1301_54_01_A01,"co,parl"
debates_HOC1904_05,"co,parl"
SDC_1304_57_01,"co,parl"
debates_SDC1902,"co,parl"
debates_HOC2501_01,"co,parl"
debates_CDC2402_03,"co,parl"
debates_HOC0602_01,"co,parl"
debates_CDC2005_02,"co,parl"
debates_HOC1905,"co,parl"
debates_HOC2801_10,"co,parl"
debates_HOC3202_04,"co,parl"
debates_HOC1206_02,"co,parl"
debates_SOC1001,"co,parl"
debates_CDC0501,"co,parl"
debates_HOC1804_03,"co,parl"
debates_CDC2005_01,"co,parl"
debates_HOC1903_01,"co,parl"
debates_HOC3201_03,"co,parl"
debates_SOC1804_01,"co,parl"
debates_HOC2403,"co,parl"
debates_HOC2901_06,"co,parl"
debates_SOC0703_07,"co,parl"
debates_CDC3201_09,"co,parl"
debates_SOC1603_01,"co,parl"
debates_HOC1801_20,"co,parl"
debates_HOC3301_07,"co,parl"
debates_CDC3201_11,"co,parl"
debates_SOC0502_05,"co,parl"
debates_CDC1402_02,"co,parl"
HOC_1304_57_01_A01,"co,parl"
CDC_1301_54_01,"co,parl"
debates_SOC0105,"co,parl"
debates_CDC0402_02,"co,parl"
debates_HOC0704_02,"co,parl"
debates_SDC1207,"co,parl"
debates_SDC0201,"co,parl"
debates_HOC1003,"co,parl"
debates_CDC0702_01,"co,parl"
debates_SDC2401_01,"co,parl"
HOC_1804_77_01,"co,parl"
debates_SDC1601,"co,parl"
debates_HOC1603_03,"co,parl"
debates_SOC3002_01,"co,parl"
debates_SOC1904,"co,parl"
debates_SOC1103,"co,parl"
debates_SOC1604_01,"co,parl"
HOC_2003_88_01,"co,parl"
debates_HOC3202_03,"co,parl"
SOC_1601_64_01,"co,parl"
SOC_1304_57_01,"co,parl"
debates_HOC3302_04,"co,parl"
debates_SOC1202,"co,parl"
debates_SDC1701,"co,parl"
debates_SDC2205,"co,parl"
SDC_1201_47_01,"co,parl"
debates_SDC2802_01,"co,parl"
debates_SDC0802_08,"co,parl"
debates_SOC2601,"co,parl"
debates_SOC1003,"co,parl"
debates_SDC1603_01,"co,parl"
debates_CDC2802,"co,parl"
debates_SDC2902_01,"co,parl"
debates_CDC3402_13,"co,parl"
debates_HOC3501_12,"co,parl"
debates_CDC2403,"co,parl"
SOC_1301_54_01,"co,parl"
debates_SDC3001_02,"co,parl"
CDC_1003_42_01_A01,"co,parl"
debates_CDC2803_02,"co,parl"
debates_SDC1703_01,"co,parl"
debates_CDC0803_02,"co,parl"
debates_CDC1905_04,"co,parl"
debates_SDC0101,"co,parl"
CDC_1404_62_01_A01,"co,parl"
debates_HOC1207,"co,parl"
debates_HOC1903_02,"co,parl"
debates_CDC2004_02,"co,parl"
debates_HOC2803,"co,parl"
debates_SDC1302,"co,parl"
debates_HOC2902_02,"co,parl"
debates_CDC3501,"co,parl"
debates_SDC1304_01,"co,parl"
SOC_2501_109_01,"co,parl"
debates_CDC0201,"co,parl"
debates_CDC2405_01,"co,parl"
debates_CDC3501_02,"co,parl"
debates_CDC1202_04,"co,parl"
debates_HOC3003_03,"co,parl"
debates_HOC1004_06,"co,parl"
debates_CDC0702_02,"co,parl"
debates_HOC0703_07,"co,parl"
debates_HOC1305_02,"co,parl"
debates_HOC1601_01,"co,parl"
debates_CDC0103,"co,parl"
debates_HOC1604_20,"co,parl"
SOC_2602_111_01,"co,parl"
debates_CDC2701_08,"co,parl"
debates_CDC3202,"co,parl"
debates_HOC2501_20,"co,parl"
debates_SOC0503_01,"co,parl"
debates_CDC2701_14,"co,parl"
debates_CDC3201_10,"co,parl"
debates_SOC2102_01,"co,parl"
debates_SOC0501_05,"co,parl"
HOC_3301_128_02,"co,parl"
debates_SOC0102_01,"co,parl"
debates_CDC0602,"co,parl"
debates_CDC1905_01,"co,parl"
debates_CDC2802_08,"co,parl"
debates_CDC1701,"co,parl"
debates_HOC2401,"co,parl"
debates_SOC2205_01,"co,parl"
debates_CDC1501_03,"co,parl"
debates_SDC0901_01,"co,parl"
debates_HOC1704,"co,parl"
debates_CDC1706,"co,parl"
debates_SOC1404_01,"co,parl"
debates_HOC3403_02,"co,parl"
HOC_1201_47_01_A01,"co,parl"
debates_HOC1804,"co,parl"
debates_SOC3001,"co,parl"
debates_HOC2004_20,"co,parl"
debates_CDC0302,"co,parl"
debates_CDC2004_01,"co,parl"
debates_CDC1601_03,"co,parl"
SDC_1702_69_01,"co,parl"
debates_CDC2702_03,"co,parl"
debates_HOC2602_07,"co,parl"
debates_HOC1204,"co,parl"
debates_HOC1203_02,"co,parl"
debates_SOC3401_01,"co,parl"
debates_HOC3004,"co,parl"
debates_CDC2203_20,"co,parl"
SDC_1701_68_01,"co,parl"
debates_SOC0804_08,"co,parl"
debates_CDC3004_02,"co,parl"
debates_SDC3402,"co,parl"
debates_SOC1604,"co,parl"
debates_SOC3201,"co,parl"
debates_HOC1302_03,"co,parl"
HOC_3001_121_02,"co,parl"
SOC_1904_83_01,"co,parl"
debates_SOC2404,"co,parl"
debates_HOC3201_07,"co,parl"
debates_HOC1201_04,"co,parl"
debates_HOC3001_03,"co,parl"
SDC_1402_60_01,"co,parl"
debates_CDC0504,"co,parl"
debates_HOC1902_04,"co,parl"
debates_CDC1101_04,"co,parl"
debates_CDC1702_01,"co,parl"
debates_CDC1002_02,"co,parl"
debates_CDC3001_01,"co,parl"
debates_CDC1207_03,"co,parl"
debates_CDC1604_02,"co,parl"
debates_HOC3001_01,"co,parl"
CDC_1902_81_01,"co,parl"
debates_HOC2402_04,"co,parl"
debates_CDC2102_04,"co,parl"
debates_HOC0504,"co,parl"
debates_HOC0803,"co,parl"
debates_SOC3201_04,"co,parl"
debates_CDC1203_04,"co,parl"
debates_HOC3402_14,"co,parl"
debates_CDC3402_07,"co,parl"
debates_SOC1403_01,"co,parl"
debates_CDC2602_02,"co,parl"
debates_HOC3501_11,"co,parl"
debates_CDC3002_02,"co,parl"
debates_CDC1404_05,"co,parl"
debates_CDC2802_02,"co,parl"
debates_SDC2802,"co,parl"
debates_SDC3403_04,"co,parl"
debates_HOC3501_03,"co,parl"
CDC_1402_60_01_A03,"co,parl"
debates_SDC2405,"co,parl"
HOC_2801_115_01,"co,parl"
debates_CDC2401,"co,parl"
debates_SOC1702,"co,parl"
debates_CDC2203,"co,parl"
debates_SDC2003,"co,parl"
debates_HOC2801_06,"co,parl"
debates_HOC1703_02,"co,parl"
debates_CDC2106_01,"co,parl"
debates_CDC0804_01,"co,parl"
debates_CDC2402_04,"co,parl"
debates_HOC0903_06,"co,parl"
SOC_1501_63_01,"co,parl"
debates_HOC2803_02,"co,parl"
CDC_1303_56_01_A01,"co,parl"
CDC_1801_74_01_A01,"co,parl"
debates_CDC2102,"co,parl"
SOC_1203_49_01,"co,parl"
debates_CDC2803_10,"co,parl"
debates_CDC3201_19,"co,parl"
debates_HOC2107_20,"co,parl"
debates_CDC1402_04,"co,parl"
debates_CDC2004_20,"co,parl"
debates_HOC2901_20,"co,parl"
debates_CDC1002_03,"co,parl"
debates_SOC3201_01,"co,parl"
debates_HOC1804_20,"co,parl"
debates_SOC3301_02,"co,parl"
debates_HOC2107_03,"co,parl"
SOC_1706_73_01,"co,parl"
CDC_2005_90_01,"co,parl"
debates_HOC2702_02,"co,parl"
debates_CDC3402_10,"co,parl"
debates_HOC1203,"co,parl"
CDC_2201_98_01,"co,parl"
debates_SDC2404_01,"co,parl"
debates_SOC2902,"co,parl"
debates_HOC1102_20,"co,parl"
debates_HOC1706,"co,parl"
debates_CDC2602_03,"co,parl"
debates_CDC3302_11,"co,parl"
debates_CDC1103_03,"co,parl"
debates_CDC3101_02,"co,parl"
debates_CDC3001_10,"co,parl"
debates_CDC3003_20,"co,parl"
debates_HOC2107_01,"co,parl"
debates_SDC2602_01,"co,parl"
debates_CDC2901_05,"co,parl"
debates_HOC1402_03,"co,parl"
debates_CDC2107_01,"co,parl"
debates_CDC2803_07,"co,parl"
debates_CDC3403_07,"co,parl"
debates_CDC3201_20,"co,parl"
debates_CDC2804_03,"co,parl"
debates_HOC3402_03,"co,parl"
debates_SOC0501,"co,parl"
debates_CDC2801_03,"co,parl"
debates_SOC2002_01,"co,parl"
SOC_1205_51_01,"co,parl"
debates_CDC3201_17,"co,parl"
debates_CDC3301_05,"co,parl"
debates_CDC3403_15,"co,parl"
debates_HOC0401,"co,parl"
debates_SOC1206_01,"co,parl"
debates_SOC2803_02,"co,parl"
SDC_1205_51_01,"co,parl"
debates_CDC1202_05,"co,parl"
CDC_1705_72_01_A01,"co,parl"
debates_SDC2803_01,"co,parl"
debates_HOC3004_20,"co,parl"
debates_CDC2002_01,"co,parl"
debates_HOC3001_14,"co,parl"
debates_SDC3002,"co,parl"
debates_SOC0305_03,"co,parl"
debates_CDC2404_05,"co,parl"
debates_SOC2404_01,"co,parl"
debates_SDC2101,"co,parl"
debates_HOC1903_03,"co,parl"
debates_CDC1905_03,"co,parl"
debates_SDC1003,"co,parl"
debates_CDC3002_08,"co,parl"
debates_SOC3201_02,"co,parl"
debates_HOC2101_02,"co,parl"
debates_CDC2003_01,"co,parl"
debates_HOC2004_05,"co,parl"
debates_CDC2004,"co,parl"
debates_CDC2202_06,"co,parl"
debates_HOC0702_01,"co,parl"
debates_HOC3001_09,"co,parl"
debates_HOC1806_02,"co,parl,co,parl"
debates_CDC1203_05,"co,parl"
debates_CDC2701_05,"co,parl"
debates_CDC0805_03,"co,parl"
debates_CDC3004_03,"co,parl"
debates_CDC1902_03,"co,parl"
debates_HOC3002_08,"co,parl"
debates_CDC2205_03,"co,parl"
debates_HOC3004_01,"co,parl"
debates_HOC2002_05,"co,parl"
debates_SOC0503,"co,parl"
SDC_1401_59_01,"co,parl"
debates_SOC2402_01,"co,parl"
debates_HOC3403_10,"co,parl"
debates_HOC2102_03,"co,parl"
debates_CDC3001_20,"co,parl"
debates_CDC2602_07,"co,parl"
HOC_3403_132_04,"co,parl"
debates_CDC3501_13,"co,parl"
debates_CDC1002_04,"co,parl"
CDC_1002_41_01_A01,"co,parl"
SOC_1202_48_01,"co,parl"
CDC_1403_61_01_A01,"co,parl"
SDC_1603_66_01,"co,parl"
CDC_0902_37_01_A01,"co,parl"
SOC_2102_92_01,"co,parl"
debates_SOC3403_03,"co,parl"
debates_CDC3201_22,"co,parl"
debates_CDC0701_02,"co,parl"
debates_CDC2201_04,"co,parl"
SOC_1803_76_01,"co,parl"
debates_SDC1904,"co,parl"
debates_CDC1401_02,"co,parl"
debates_SOC0903_01,"co,parl"
debates_CDC2802_05,"co,parl"
debates_CDC1401_03,"co,parl"
debates_HOC3001_20,"co,parl"
debates_CDC3501_06,"co,parl"
debates_CDC2602_10,"co,parl"
debates_HOC3302_09,"co,parl"
debates_CDC1305_03,"co,parl"
debates_SOC1203_01,"co,parl"
debates_HOC3202_01,"co,parl"
debates_SDC2401,"co,parl"
SDC_1207_53_01,"co,parl"
debates_SOC1703,"co,parl"
SDC_2602_111_01,"co,parl"
debates_HOC2901_08,"co,parl"
debates_SDC2003_01,"co,parl"
debates_CDC2902_01,"co,parl"
debates_HOC1403_20,"co,parl"
debates_HOC2005_01,"co,parl"
HOC_1003_42_01_A01,"co,parl"
debates_HOC1206_04,"co,parl"
debates_HOC1403_02,"co,parl"
debates_CDC3201_07,"co,parl"
debates_HOC2602_11,"co,parl"
debates_CDC0904_04,"co,parl"
debates_CDC2803_09,"co,parl"
debates_SOC0402,"co,parl"
debates_CDC1803_04,"co,parl"
debates_HOC2401_01,"co,parl"
debates_HOC1706_20,"co,parl"
debates_CDC3501_04,"co,parl"
debates_CDC0706_02,"co,parl"
HOC_1205_51_01,"co,parl"
debates_CDC3002_20,"co,parl"
debates_SDC2202,"co,parl"
debates_SDC1706,"co,parl"
debates_HOC1402_02,"co,parl"
debates_SDC1001_01,"co,parl"
debates_CDC3301_01,"co,parl"
SOC_2601_110_01,"co,parl"
debates_SOC0301,"co,parl"
debates_HOC2105,"co,parl"
debates_HOC2106,"co,parl"
debates_HOC2003_02,"co,parl"
debates_HOC1904_03,"co,parl"
debates_HOC1001,"co,parl"
debates_HOC0101,"co,parl"
debates_SOC2401,"co,parl"
HOC_2901_119_01,"co,parl"
debates_CDC2203_06,"co,parl"
debates_HOC2602_03,"co,parl"
debates_CDC1704_04,"co,parl"
debates_HOC3302_14,"co,parl"
debates_HOC2601,"co,parl"
debates_SOC1905_01,"co,parl"
debates_HOC0303,"co,parl"
debates_CDC0504_01,"co,parl"
debates_HOC2803_04,"co,parl"
SDC_2603_112_01,"co,parl"
debates_SOC1301_01,"co,parl"
debates_SDC2701_02,"co,parl"
debates_CDC1305_02,"co,parl"
debates_HOC1302,"co,parl"
debates_HOC3403,"co,parl"
debates_CDC1207,"co,parl"
debates_HOC1905_01,"co,parl"
HOC_2104_94_01,"co,parl"
debates_HOC2603_20,"co,parl"
debates_HOC1103,"co,parl"
debates_SOC1201,"co,parl"
debates_SDC1404,"co,parl"
debates_HOC2801_01,"co,parl"
debates_CDC3002_06,"co,parl"
debates_SDC2103,"co,parl"
debates_SOC0103,"co,parl"
debates_HOC2803_07,"co,parl"
debates_HOC3004_02,"co,parl"
debates_CDC3001_07,"co,parl"
debates_SDC3302_01,"co,parl"
debates_SDC1801,"co,parl"
debates_CDC1801_04,"co,parl"
debates_HOC2403_01,"co,parl"
debates_HOC3003_01,"co,parl"
debates_SDC0202,"co,parl"
debates_HOC1806_03,"co,parl,co,parl"
debates_CDC2107_20,"co,parl"
debates_CDC3201_01,"co,parl"
debates_HOC2403_02,"co,parl"
debates_HOC1202,"co,parl"
debates_SOC0503_02,"co,parl"
debates_CDC1207_06,"co,parl"
debates_CDC0105,"co,parl"
debates_SDC1903_01,"co,parl"
debates_HOC3403_16,"co,parl"
CDC_1205_51_01,"co,parl"
debates_SOC1402,"co,parl"
debates_SOC2001,"co,parl"
debates_HOC1101_03,"co,parl"
debates_CDC0104_01,"co,parl"
SOC_2701_113_02,"co,parl"
debates_HOC0902,"co,parl"
debates_CDC0202,"co,parl"
debates_CDC2201_01,"co,parl"
debates_HOC1304_02,"co,parl"
debates_CDC2001_03,"co,parl"
debates_HOC0904_05,"co,parl"
debates_CDC2005,"co,parl"
debates_CDC2107_05,"co,parl"
debates_HOC3302_11,"co,parl"
debates_SDC3403,"co,parl"
debates_HOC2001_20,"co,parl"
debates_CDC1705_02,"co,parl"
debates_CDC2403_06,"co,parl"
debates_HOC1404,"co,parl"
debates_HOC2002_02,"co,parl"
debates_CDC2402_01,"co,parl"
debates_CDC0904_20,"co,parl"
debates_CDC2602_08,"co,parl"
debates_SDC3501_01,"co,parl"
debates_SOC1202_01,"co,parl"
debates_SDC3402_05,"co,parl"
debates_HOC0303_03,"co,parl"
debates_CDC1401,"co,parl"
debates_SOC0604_06,"co,parl"
debates_HOC0702_02,"co,parl"
debates_CDC3002_03,"co,parl"
debates_HOC2001_02,"co,parl"
debates_SDC1802_01,"co,parl"
debates_SDC1501_01,"co,parl"
debates_HOC0603_02,"co,parl"
debates_HOC1705_03,"co,parl"
debates_CDC3003_05,"co,parl"
debates_HOC3003_20,"co,parl"
debates_HOC0101_01,"co,parl"
debates_HOC0402_02,"co,parl"
debates_HOC2803_09,"co,parl"
debates_HOC1305_04,"co,parl"
HOC_1402_60_01,"co,parl"
debates_HOC1305_05,"co,parl"
debates_CDC1705_01,"co,parl"
debates_CDC3403_11,"co,parl"
CDC_1004_43_01,"co,parl"
debates_CDC1904_05,"co,parl"
debates_HOC3403_08,"co,parl"
debates_HOC1903_04,"co,parl"
debates_HOC3002_06,"co,parl"
debates_HOC1206_03,"co,parl"
SOC_1902_81_01,"co,parl"
debates_SOC1906,"co,parl"
SDC_2803_117_01,"co,parl"
debates_SOC3402_05,"co,parl"
debates_SOC0404_04,"co,parl"
debates_SDC2801_02,"co,parl"
debates_CDC0305_01,"co,parl"
debates_HOC2602_12,"co,parl"
debates_CDC2106_03,"co,parl"
debates_HOC0901_02,"co,parl"
debates_SOC3401,"co,parl"
debates_SDC3202,"co,parl"
debates_HOC2104_20,"co,parl"
HOC_2103_93_01,"co,parl"
debates_CDC2404_07,"co,parl"
debates_HOC3302_01,"co,parl"
debates_SDC1705,"co,parl"
debates_SOC1701_01,"co,parl"
debates_CDC2802_04,"co,parl"
debates_SOC1103_01,"co,parl"
HOC_3302_129_03,"co,parl"
debates_CDC0903_04,"co,parl"
debates_CDC3501_20,"co,parl"
debates_HOC1801_01,"co,parl"
debates_SOC0904_01,"co,parl"
debates_CDC1903_20,"co,parl"
debates_CDC1703_03,"co,parl"
debates_CDC1001_02,"co,parl"
debates_CDC0102,"co,parl"
SOC_1206_52_01,"co,parl"
debates_HOC1603,"co,parl"
debates_CDC2801_01,"co,parl"
debates_HOC3403_12,"co,parl"
debates_CDC2501,"co,parl"
debates_SDC0301_01,"co,parl"
debates_HOC2001,"co,parl"
debates_CDC3403_05,"co,parl"
debates_HOC1904_01,"co,parl"
debates_CDC1805,"co,parl"
debates_SOC3101,"co,parl"
debates_CDC2803_01,"co,parl"
debates_SOC1205_01,"co,parl"
debates_SDC2106,"co,parl"
debates_CDC0302_03,"co,parl"
debates_HOC0706_02,"co,parl"
debates_CDC0902_01,"co,parl"
debates_HOC2602_10,"co,parl"
SOC_2201_98_01,"co,parl"
debates_CDC2602_11,"co,parl"
debates_SOC0604,"co,parl"
debates_CDC2003_20,"co,parl"
debates_CDC3003_02,"co,parl"
debates_HOC0302_03,"co,parl"
debates_CDC2102_20,"co,parl"
debates_HOC0103_01,"co,parl"
debates_SDC3004,"co,parl"
debates_SOC0701,"co,parl"
debates_SDC1805_01,"co,parl"
debates_CDC1205_01,"co,parl"
debates_CDC0101,"co,parl"
debates_CDC1601,"co,parl"
debates_HOC1703_20,"co,parl"
debates_HOC2702,"co,parl"
debates_CDC3004_20,"co,parl"
debates_CDC1902_20,"co,parl"
debates_HOC3001_02,"co,parl"
debates_CDC0304_03,"co,parl"
SOC_1402_60_01,"co,parl"
debates_CDC1404,"co,parl"
debates_HOC2602_09,"co,parl"
HOC_1403_61_01_A01,"co,parl"
debates_SOC1501_01,"co,parl"
debates_SDC2203_01,"co,parl"
debates_SDC2004_01,"co,parl"
debates_HOC2301,"co,parl"
SOC_3003_123_01,"co,parl"
HOC_1904_83_01,"co,parl"
debates_HOC2205_02,"co,parl"
debates_SDC3302_04,"co,parl"
debates_SOC0705,"co,parl"
debates_SDC2301,"co,parl"
debates_CDC3001_02,"co,parl"
debates_SDC2803_02,"co,parl"
debates_HOC1402_05,"co,parl"
debates_CDC2901_08,"co,parl"
CDC_1904_83_01,"co,parl"
debates_CDC1102_01,"co,parl"
debates_SOC2802_01,"co,parl"
debates_HOC2701_07,"co,parl"
debates_SDC1103,"co,parl"
SDC_1202_48_01,"co,parl"
debates_HOC1401_04,"co,parl"
debates_HOC3402_11,"co,parl"
debates_SDC2005_01,"co,parl"
debates_HOC0401_02,"co,parl"
debates_SDC0301,"co,parl"
debates_SDC1803,"co,parl"
debates_HOC3201_24,"co,parl"
debates_SOC3402_04,"co,parl"
debates_HOC2301_03,"co,parl"
SDC_2405_108_01,"co,parl"
debates_HOC3003_02,"co,parl"
debates_SDC1403,"co,parl"
debates_SDC2106_01,"co,parl"
debates_HOC3402_07,"co,parl"
debates_CDC2702,"co,parl"
debates_HOC1305_01,"co,parl"
debates_HOC3003_06,"co,parl"
debates_HOC2801_02,"co,parl"
debates_HOC0706_01,"co,parl"
debates_HOC2801_09,"co,parl"
CDC_1102_45_01_A04,"co,parl"
debates_HOC2203,"co,parl"
debates_HOC2104_03,"co,parl"
debates_CDC3402_06,"co,parl"
debates_CDC1103_02,"co,parl"
debates_SOC2301,"co,parl"
SDC_2202_99_01,"co,parl"
debates_HOC1704_20,"co,parl"
debates_CDC3302_13,"co,parl"
HOC_1202_48_01_A01,"co,parl"
debates_CDC2001_20,"co,parl"
debates_CDC2601_02,"co,parl"
debates_HOC3001_05,"co,parl"
debates_CDC0804_02,"co,parl"
debates_CDC1705_20,"co,parl"
debates_SDC2603_01,"co,parl"
debates_HOC1102_02,"co,parl"
SOC_2004_89_01,"co,parl"
debates_SDC1604,"co,parl"
debates_HOC1604,"co,parl"
CDC_1403_61_01_A03,"co,parl"
debates_CDC1602_01,"co,parl"
debates_CDC3201_04,"co,parl"
debates_CDC3301_04,"co,parl"
debates_HOC3403_07,"co,parl"
debates_SDC1602,"co,parl"
debates_HOC0903_05,"co,parl"
HOC_1603_66_01,"co,parl"
debates_CDC3402,"co,parl"
debates_CDC2701_13,"co,parl"
debates_HOC2702_06,"co,parl"
debates_HOC1401_03,"co,parl"
debates_SDC2601,"co,parl"
debates_HOC2202_01,"co,parl"
debates_SDC2901_01,"co,parl"
debates_CDC2701_03,"co,parl"
debates_SOC3501_03,"co,parl"
debates_SOC0706,"co,parl"
debates_SDC2103_01,"co,parl"
debates_HOC2004_03,"co,parl"
debates_HOC2404_01,"co,parl"
debates_HOC3001_08,"co,parl"
debates_HOC0102_01,"co,parl"
debates_SDC2602,"co,parl"
debates_HOC2603_03,"co,parl"
debates_SOC1901,"co,parl"
debates_HOC3201_10,"co,parl"
debates_HOC2201_05,"co,parl"
debates_HOC2003_05,"co,parl"
debates_SOC2501_01,"co,parl"
debates_HOC0104,"co,parl"
debates_SOC1802,"co,parl"
debates_CDC2003_06,"co,parl"
debates_SDC0903_02,"co,parl"
debates_SOC1004,"co,parl"
debates_SDC1803_01,"co,parl"
debates_CDC2001_01,"co,parl"
debates_HOC1902_02,"co,parl"
SDC_1801_74_01,"co,parl"
debates_SDC2901,"co,parl"
debates_HOC1905_04,"co,parl"
debates_CDC0706_01,"co,parl"
debates_HOC3201_21,"co,parl"
debates_SOC3501_02,"co,parl"
debates_HOC0604_01,"co,parl"
debates_CDC0804_03,"co,parl"
debates_SOC3201_05,"co,parl"
HOC_3402_131_02,"co,parl"
debates_CDC2102_01,"co,parl"
debates_HOC2401_04,"co,parl"
SOC_3403_131_01,"co,parl"
CDC_1905_84_01_A02,"co,parl"
SOC_1303_56_01,"co,parl"
debates_HOC1403_03,"co,parl"
debates_CDC3403_01,"co,parl"
debates_SDC1701_19,"co,parl"
debates_CDC0904,"co,parl"
debates_CDC1102_20,"co,parl"
debates_HOC1802_02,"co,parl"
debates_HOC3001_13,"co,parl"
HOC_3201_126_05,"co,parl"
debates_HOC1803_20,"co,parl"
debates_CDC1904_03,"co,parl"
HOC_2803_117_01,"co,parl"
SDC_2102_92_01,"co,parl"
CDC_1206_52_01,"co,parl"
debates_SOC2802,"co,parl"
debates_SDC3501_03,"co,parl"
debates_SOC0401_04,"co,parl"
debates_HOC1704_05,"co,parl"
debates_CDC3202_04,"co,parl"
debates_HOC3202_20,"co,parl"
debates_HOC2404_03,"co,parl"
debates_SDC1206_01,"co,parl"
debates_CDC1206_01,"co,parl"
debates_CDC3403_12,"co,parl"
debates_CDC3403_03,"co,parl"
debates_CDC3202_20,"co,parl"
debates_CDC0503_03,"co,parl"
debates_HOC0603_01,"co,parl"
SOC_1806_79_01,"co,parl"
debates_SOC0801_08,"co,parl"
debates_CDC2004_04,"co,parl"
debates_HOC2702_01,"co,parl"
debates_SDC1002,"co,parl"
debates_SOC2901_01,"co,parl"
debates_CDC2701_20,"co,parl"
debates_HOC0503_02,"co,parl"
debates_CDC1903_03,"co,parl"
debates_CDC1101_03,"co,parl"
debates_SOC3403,"co,parl"
debates_CDC0403,"co,parl"
debates_SDC1806,"co,parl"
CDC_0904_39_01_A01,"co,parl"
debates_CDC1903_05,"co,parl"
debates_SDC1906_01,"co,parl"
debates_SOC1903,"co,parl"
debates_CDC1206_02,"co,parl"
debates_HOC1002_03,"co,parl"
CDC_1202_48_01_A01,"co,parl"
debates_HOC3402_12,"co,parl"
debates_HOC2004,"co,parl"
debates_CDC2701_09,"co,parl"
debates_HOC3501_05,"co,parl"
debates_HOC2203_02,"co,parl"
debates_SOC3201_20,"co,parl"
debates_SDC1801_01,"co,parl"
debates_CDC1802_01,"co,parl"
debates_CDC1706_03,"co,parl"
debates_HOC2001_03,"co,parl"
debates_HOC1702_03,"co,parl"
debates_CDC2404_01,"co,parl"
debates_CDC2202_01,"co,parl"
debates_CDC2901_01,"co,parl"
debates_SDC2403_01,"co,parl"
debates_HOC1402_01,"co,parl"
HOC_1604_67_01,"co,parl"
debates_HOC2402,"co,parl"
debates_SOC1802_01,"co,parl"
debates_HOC2802_03,"co,parl"
debates_HOC2702_04,"co,parl"
debates_CDC1207_04,"co,parl"
debates_CDC3202_01,"co,parl"
debates_HOC1101_02,"co,parl"
debates_CDC0503,"co,parl"
debates_HOC1801_02,"co,parl"
debates_CDC1702_02,"co,parl"
debates_HOC0302,"co,parl"
debates_CDC2101_20,"co,parl"
debates_HOC0603,"co,parl"
SOC_2105_95_01,"co,parl"
debates_HOC2801_20,"co,parl"
HOC_1404_62_01,"co,parl"
HOC_1903_82_01,"co,parl"
debates_HOC1207_06,"co,parl"
debates_CDC2106_20,"co,parl"
debates_SDC1403_01,"co,parl"
HOC_3403_132_01,"co,parl"
debates_SDC0902_01,"co,parl"
debates_CDC3001_05,"co,parl"
CDC_1206_52_01_A02,"co,parl"
debates_SOC1601_01,"co,parl"
debates_SOC2602,"co,parl"
debates_HOC3101_02,"co,parl"
debates_CDC2004_06,"co,parl"
debates_HOC1902_20,"co,parl"
debates_SOC1705_01,"co,parl"
debates_CDC1203_01,"co,parl"
debates_HOC0701_03,"co,parl"
debates_HOC3402_02,"co,parl"
debates_SDC1305_01,"co,parl"
CDC_1402_60_01_A02,"co,parl"
debates_SOC3302_04,"co,parl"
HOC_1207_53_01,"co,parl"
debates_HOC3201_06,"co,parl"
debates_HOC0403_01,"co,parl"
debates_SDC1906,"co,parl"
debates_HOC1706_01,"co,parl"
debates_SDC0804_08,"co,parl"
SOC_0904_39_01_A01,"co,parl"
debates_SOC0601,"co,parl"
debates_SOC1804,"co,parl"
debates_CDC2203_01,"co,parl"
debates_HOC2404_08,"co,parl"
debates_SOC0904,"co,parl"
debates_SDC1203,"co,parl"
SOC_2801_115_01,"co,parl"
debates_CDC3302_06,"co,parl"
debates_SDC1301_01,"co,parl"
debates_HOC3403_01,"co,parl"
CDC_1901_80_01,"co,parl"
debates_CDC0503_04,"co,parl"
SDC_2301_103_01,"co,parl"
debates_CDC0503_01,"co,parl"
debates_HOC2901_04,"co,parl"
debates_SOC0802_08,"co,parl"
debates_CDC2003_03,"co,parl"
debates_HOC3001_07,"co,parl"
debates_HOC1001_01,"co,parl"
CDC_2601_110_01,"co,parl"
HOC_1601_64_01_A01,"co,parl"
debates_SOC0101_01,"co,parl"
debates_CDC1103_20,"co,parl"
debates_HOC2404_05,"co,parl"
debates_CDC2404_06,"co,parl"
debates_HOC0903,"co,parl"
debates_HOC2003_03,"co,parl"
debates_CDC1103_04,"co,parl"
debates_HOC0502,"co,parl"
debates_CDC2801_08,"co,parl"
debates_HOC2701_13,"co,parl"
debates_HOC2603_01,"co,parl"
debates_HOC2403_05,"co,parl"
debates_HOC3003_05,"co,parl"
debates_CDC0705_02,"co,parl"
debates_SDC1706_01,"co,parl"
SOC_3201_126_02,"co,parl"
debates_CDC1803_01,"co,parl"
debates_SOC1302,"co,parl"
debates_HOC1702,"co,parl"
debates_CDC1001_20,"co,parl"
debates_SOC0603_06,"co,parl"
debates_CDC3201_99,"co,parl"
debates_CDC1002,"co,parl"
debates_HOC2106_04,"co,parl"
debates_HOC3002_01,"co,parl"
debates_SDC1305,"co,parl"
debates_HOC0201,"co,parl"
debates_HOC0402,"co,parl"
debates_CDC1801_20,"co,parl"
debates_CDC1603,"co,parl"
debates_CDC3403_17,"co,parl"
debates_HOC1003_01,"co,parl"
debates_SDC2804,"co,parl"
debates_CDC1904,"co,parl"
debates_HOC2002,"co,parl"
debates_CDC1803_20,"co,parl"
SDC_2004_89_01,"co,parl"
debates_CDC0904_02,"co,parl"
debates_HOC1001_02,"co,parl"
debates_HOC2702_20,"co,parl"
debates_CDC1201_01,"co,parl"
debates_CDC2107,"co,parl"
debates_CDC3201,"co,parl"
SOC_2803_117_01,"co,parl"
debates_CDC2803,"co,parl"
debates_SOC2201_01,"co,parl"
debates_HOC2402_20,"co,parl"
debates_HOC2802_05,"co,parl"
debates_CDC1103,"co,parl"
SDC_1903_82_01,"co,parl"
debates_SDC2104,"co,parl"
debates_HOC2404_20,"co,parl"
debates_CDC3403_13,"co,parl"
debates_HOC1204_01,"co,parl"
debates_SDC2004_20,"co,parl"
debates_CDC1803,"co,parl"
debates_CDC0703,"co,parl"
debates_HOC2102_04,"co,parl"
debates_CDC0903_02,"co,parl"
debates_HOC2901_01,"co,parl"
debates_SOC0702_07,"co,parl"
debates_CDC2402,"co,parl"
debates_HOC3002_05,"co,parl"
debates_CDC3402_15,"co,parl"
debates_CDC2701,"co,parl"
debates_SDC2002_01,"co,parl"
debates_HOC1203_04,"co,parl"
debates_CDC2104_02,"co,parl"
debates_HOC1401_01,"co,parl"
debates_HOC2602,"co,parl"
debates_HOC1303,"co,parl"
debates_CDC3501_08,"co,parl"
debates_SOC1102_01,"co,parl"
debates_HOC3501,"co,parl"
debates_HOC1706_03,"co,parl"
debates_HOC0501_02,"co,parl"
debates_CDC1305,"co,parl"
debates_HOC3101,"co,parl"
debates_HOC1706_04,"co,parl"
debates_HOC1304_03,"co,parl"
debates_HOC1003_20,"co,parl"
debates_HOC1801_04,"co,parl"
CDC_2105_95_01,"co,parl"
debates_HOC1004_02,"co,parl"
debates_SOC2203_01,"co,parl"
debates_CDC2701_06,"co,parl"
debates_CDC2804,"co,parl"
debates_HOC2003_01,"co,parl"
debates_CDC2201_02,"co,parl"
debates_CDC3501_05,"co,parl"
SDC_2205_102_01,"co,parl"
debates_HOC3402_06,"co,parl"
debates_CDC1704_02,"co,parl"
debates_SOC3302_03,"co,parl"
debates_HOC0804_01,"co,parl"
debates_SOC3403_02,"co,parl"
debates_SOC2901_02,"co,parl"
debates_SDC3004_01,"co,parl"
debates_HOC1601_02,"co,parl"
debates_SDC3402_02,"co,parl"
debates_HOC2803_20,"co,parl"
debates_CDC0904_06,"co,parl"
debates_SDC0805,"co,parl"
debates_HOC3402_05,"co,parl"
debates_HOC2803_08,"co,parl"
debates_CDC1704_01,"co,parl"
SOC_1705_72_01,"co,parl"
debates_CDC3003_06,"co,parl"
debates_HOC2204,"co,parl"
debates_CDC0202_01,"co,parl"
SDC_2702_114_02,"co,parl"
HOC_3201_126_03,"co,parl"
CDC_1003_42_01,"co,parl"
debates_SDC2702_01,"co,parl"
debates_HOC2602_04,"co,parl"
debates_CDC3001_09,"co,parl"
debates_CDC1905_20,"co,parl"
debates_SDC1601_01,"co,parl"
debates_CDC2205_02,"co,parl"
debates_HOC3201_18,"co,parl"
debates_HOC2602_01,"co,parl"
debates_SOC3001_01,"co,parl"
debates_SOC2405,"co,parl"
debates_CDC0903_06,"co,parl"
debates_HOC2203_20,"co,parl"
debates_HOC1207_03,"co,parl"
debates_CDC2404_02,"co,parl"
debates_CDC0701_01,"co,parl"
debates_HOC2106_01,"co,parl"
debates_HOC2105_01,"co,parl"
debates_SDC3302_03,"co,parl"
debates_SDC3001_01,"co,parl"
CDC_1702_69_01,"co,parl"
SOC_1004_43_01,"co,parl"
SDC_1001_40_01,"co,parl"
debates_CDC1201_03,"co,parl"
debates_HOC3201_19,"co,parl"
debates_SDC1004_01,"co,parl"
debates_HOC1801_03,"co,parl"
debates_CDC1402_03,"co,parl"
debates_CDC2403_03,"co,parl"
debates_CDC3402_01,"co,parl"
debates_CDC1201,"co,parl"
debates_CDC1305_01,"co,parl"
debates_CDC2801_06,"co,parl"
debates_SDC3202_01,"co,parl"
debates_HOC1404_02,"co,parl"
debates_HOC3202_02,"co,parl"
debates_CDC0805_02,"co,parl"
debates_CDC3302_07,"co,parl"
debates_SDC1402_01,"co,parl"
debates_HOC2202_02,"co,parl"
debates_HOC3403_14,"co,parl"
debates_CDC2601_04,"co,parl"
debates_SOC2005_01,"co,parl"
SDC_1404_62_01,"co,parl"
debates_HOC2301_20,"co,parl"
debates_SDC3001_03,"co,parl"
debates_SDC3002_02,"co,parl"
debates_HOC3302_06,"co,parl"
debates_CDC3402_04,"co,parl"
debates_CDC0805_01,"co,parl"
debates_HOC1602,"co,parl"
debates_SDC1902_01,"co,parl"
SOC_0901_36_01,"co,parl"
debates_CDC0702,"co,parl"
HOC_3302_129_01,"co,parl"
debates_HOC3201_15,"co,parl"
debates_SOC0704_07,"co,parl"
debates_SOC1703_01,"co,parl"
debates_HOC1302_04,"co,parl"
SDC_2107_97_01,"co,parl"
debates_HOC1103_05,"co,parl"
debates_HOC0802_01,"co,parl"
debates_HOC1404_04,"co,parl"
debates_HOC1202_20,"co,parl"
debates_HOC2701_04,"co,parl"
HOC_1702_69_01,"co,parl"
debates_SOC3402_01,"co,parl"
debates_HOC0404,"co,parl"
debates_CDC1302_03,"co,parl"
debates_HOC0105_01,"co,parl"
debates_HOC3201_01,"co,parl"
SOC_2001_86_01,"co,parl"
debates_HOC2005_02,"co,parl"
debates_CDC1602_03,"co,parl"
HOC_2405_108_01,"co,parl"
HOC_3201_126_04,"co,parl"
HOC_0902_37_01_A01,"co,parl"
SOC_1905_84_01,"co,parl"
HOC_3402_131_03,"co,parl"
CDC_2202_99_01,"co,parl"
SOC_1201_47_01,"co,parl"
CDC_1903_82_01,"co,parl"
SOC_2202_99_01,"co,parl"
SDC_1203_49_01,"co,parl"
CDC_2901_119_01,"co,parl"
HOC_1403_61_01,"co,parl"
SOC_2802_116_01,"co,parl"
CDC_1801_74_01,"co,parl"
HOC_2106_96_01,"co,parl"
CDC_1603_66_01,"co,parl"
HOC_3101_125_01,"co,parl"
HOC_1702_69_01_A01,"co,parl"
journals_SDC,"co,parl"
HOC_3403_132_03,"co,parl"
HOC_1401_59_01_A01,"co,parl"
HOC_1206_52_01_A01,"co,parl"
HOC_0904_39_01_A01,"co,parl"
debates_HOC1906_20,"co,parl"
HOC_2804_118_01,"co,parl"
SDC_1002_41_01,"co,parl"
HOC_1703_70_01_A01,"co,parl"
CDC_2104_94_01,"co,parl"
HOC_0903_38_01,"co,parl"
CDC_2405_108_01,"co,parl"
HOC_3201_126_02,"co,parl"
CDC_2004_89_01,"co,parl"
SOC_2003_88_01,"co,parl"
CDC_1207_53_01,"co,parl"
SOC_2002_87_01,"co,parl"
debates_CDC3302_01,"co,parl"
HOC_1206_52_01,"co,parl"
debates_HOC2202_04,"co,parl"
SOC_2104_94_01,"co,parl"
debates_SDC1204_20,"co,parl"
HOC_1002_41_01_A01,"co,parl"
SOC_2203_100_01,"co,parl"
CDC_1302_55_01,"co,parl"
CDC_1602_65_01,"co,parl"
SDC_0901_36_01,"co,parl"
HOC_3301_128_03,"co,parl"
HOC_2602_111_01,"co,parl"
CDC_1703_70_01,"co,parl"
CDC_2602_111_01,"co,parl"
HOC_1102_45_01_A02,"co,parl"
HOC_1202_48_01,"co,parl"
HOC_1304_57_01,"co,parl"
HOC_1305_58_01_A01,"co,parl"
SDC_1601_64_01,"co,parl"
HOC_1001_40_01_A03,"co,parl"
CDC_2401_104_01,"co,parl"
HOC_1905_84_01,"co,parl"
HOC_1801_74_01_A01,"co,parl"
HOC_1102_45_01,"co,parl"
debates_CDC2103_20,"co,parl"
CDC_1203_49_01,"co,parl"
SDC_0904_39_01,"co,parl"
CDC_1805_78_01,"co,parl"
CDC_3001_121_01,"co,parl"
HOC_1402_60_01_A05,"co,parl"
SDC_1103_46_01,"co,parl"
HOC_0902_37_01,"co,parl"
CDC_1701_68_01,"co,parl"
debates_HOC1805_20,"co,parl"
HOC_1404_62_01_A01,"co,parl"
SDC_1403_61_01,"co,parl"
debates_HOC1806_20,"co,parl"
CDC_1204_50_01,"co,parl"
CDC_1001_40_01,"co,parl"
HOC_3201_126_06,"co,parl"
HOC_1403_61_01_A03,"co,parl"
HOC_1004_43_01_A02,"co,parl"
HOC_1302_55_01,"co,parl"
debates_CDC0301_01,"co,parl"
CDC_1802_75_01,"co,parl"
HOC_2401_104_01,"co,parl"
SOC_3004_124_01,"co,parl"
debates_SOC1901_01,"co,parl"
CDC_1402_60_01,"co,parl"
HOC_1203_49_01,"co,parl"
CDC_1604_67_01_A01,"co,parl"
CDC_1302_55_01_A02,"co,parl"
CDC_1601_64_01_A01,"co,parl"
SOC_3403_131_02,"co,parl"
CDC_1402_60_01_A01,"co,parl"
SOC_3302_129_01,"co,parl"
HOC_2701_113_01,"co,parl"
HOC_1205_51_01_A01,"co,parl"
SDC_1305_58_01,"co,parl"
CDC_2403_106_01,"co,parl"
debates_HOC3403_99,"co,parl"
HOC_1206_52_01_A02,"co,parl"
CDC_1101_44_01,"co,parl"
HOC_1901_80_01,"co,parl"
SOC_3201_126_03,"co,parl"
CDC_2804_118_01,"co,parl"
CDC_1402_60_01_A05,"co,parl"
HOC_1103_46_01_A01,"co,parl"
SOC_2901_119_01,"co,parl"
CDC_2801_115_01,"co,parl"
SOC_2603_112_02,"co,parl"
CDC_1906_85_01,"co,parl"
HOC_3402_131_01,"co,parl"
SOC_2107_97_01,"co,parl"
HOC_1403_61_01_A02,"co,parl"
SOC_2701_113_01,"co,parl"
HOC_1906_85_01,"co,parl"
CDC_1602_65_01_A01,"co,parl"
HOC_2902_120_01,"co,parl"
debates_CDC3302_03,"co,parl"
SDC_1802_75_01,"co,parl"
HOC_2101_91_01,"co,parl"
HOC_3401_130_01,"co,parl"
SDC_1301_54_01,"co,parl"
HOC_2105_95_01,"co,parl"
HOC_3202_127_01,"co,parl"
debates_CDC3302_02,"co,parl"
CDC_1402_60_01_A04,"co,parl"
SOC_2702_114_02,"co,parl"
HOC_2102_92_01,"co,parl"
CDC_1003_42_01_A02,"co,parl"
CDC_2101_91_01,"co,parl"
HOC_1601_64_01,"co,parl"
debates_SDC1901_01,"co,parl"
CDC_1002_41_01_A02,"co,parl"
SOC_3302_129_03,"co,parl"
debates_CDC1805_20,"co,parl"
SDC_1101_44_01,"co,parl"
SOC_2402_105_01,"co,parl"
HOC_1604_67_01_A01,"co,parl"
CDC_2002_87_01,"co,parl"
CDC_2702_114_01,"co,parl"
CDC_2204_101_01,"co,parl"
HOC_2001_86_01,"co,parl"
CDC_1702_69_01_A01,"co,parl"
HOC_1303_56_01_A01,"co,parl"
CDC_1201_47_01_A01,"co,parl"
SDC_1004_43_01,"co,parl"
CDC_2802_116_01,"co,parl"
SOC_3402_130_03,"co,parl"
SDC_1604_67_01,"co,parl"
SOC_3201_126_01,"co,parl"
HOC_2203_100_01,"co,parl"
HOC_1402_60_01_A01,"co,parl"
CDC_2603_112_01,"co,parl"
SOC_0904_39_01,"co,parl"
HOC_Index_1916_1930,"co,parl"
SDC_1703_70_01,"co,parl"
SDC_0902_37_01,"co,parl"
HOC_1003_42_01_A02,"co,parl"
SOC_3301_128_01,"co,parl"
SDC_1206_52_01,"co,parl"
CDC_1002_41_01,"co,parl"
HOC_2004_89_01,"co,parl"
CDC_1103_46_01_A01,"co,parl"
debates_HOC0904_06,"co,parl"
CDC_2001_86_01,"co,parl"
SOC_2403_106_01,"co,parl"
HOC_1001_40_01_A02,"co,parl"
HOC_1805_78_01,"co,parl"
HOC_3001_121_01,"co,parl"
HOC_1302_55_01_A02,"co,parl"
HOC_2404_107_01,"co,parl"
HOC_2802_116_01,"co,parl"
CDC_2205_102_01,"co,parl"
SOC_2602_111_02,"co,parl"
SOC_2103_93_01,"co,parl"
CDC_1102_45_01_A03,"co,parl"
HOC_3302_129_02,"co,parl"
CDC_1401_59_01_A01,"co,parl"
CDC_1404_62_01,"co,parl"
HOC_1705_72_01_A01,"co,parl"
HOC_1501_63_01,"co,parl"
HOC_1806_79_01,"co,parl"
debates_CDC1102_02,"co,parl"
debates_CDC1004_03,"co,parl"
debates_HOC2404_02,"co,parl"
debates_HOC2701_05,"co,parl"
debates_CDC2405_02,"co,parl"
SDC_2404_107_01,"co,parl"
debates_HOC0305_01,"co,parl"
CDC_2203_100_01,"co,parl"
debates_HOC1701,"co,parl"
debates_HOC0602_02,"co,parl"
SDC_2103_93_01,"co,parl"
debates_CDC1302_04,"co,parl"
debates_HOC2701_11,"co,parl"
debates_CDC1204,"co,parl"
debates_HOC1901_20,"co,parl"
debates_HOC1403_05,"co,parl"
debates_CDC3301_03,"co,parl"
debates_SDC2204_01,"co,parl"
debates_HOC2107,"co,parl"
debates_HOC2601_03,"co,parl"
debates_CDC2801_05,"co,parl"
debates_HOC0803_02,"co,parl"
debates_CDC2901,"co,parl"
debates_SOC2002,"co,parl"
debates_CDC1004_20,"co,parl"
debates_CDC2601_05,"co,parl"
debates_CDC3403_02,"co,parl"
debates_SDC1203_01,"co,parl"
debates_HOC1802_20,"co,parl"
debates_CDC2003,"co,parl"
debates_CDC0201_01,"co,parl"
debates_HOC2602_05,"co,parl"
debates_HOC0301_01,"co,parl"
debates_CDC2702_20,"co,parl"
debates_CDC1001_03,"co,parl"
debates_CDC2901_07,"co,parl"
debates_HOC1003_04,"co,parl"
debates_CDC3201_13,"co,parl"
debates_SOC1201_01,"co,parl"
debates_HOC1303_01,"co,parl"
debates_HOC1501_04,"co,parl"
debates_CDC1304_03,"co,parl"
debates_HOC3002_03,"co,parl"
debates_CDC0603_02,"co,parl"
debates_SDC2601_01,"co,parl"
debates_HOC1302_02,"co,parl"
debates_CDC3001_08,"co,parl"
debates_HOC2601_05,"co,parl"
debates_HOC1602_03,"co,parl"
debates_HOC2201_04,"co,parl"
debates_CDC3501_03,"co,parl"
debates_HOC3201,"co,parl"
debates_SDC0105,"co,parl"
debates_SOC0402_04,"co,parl"
debates_HOC1701_01,"co,parl"
debates_SDC2005,"co,parl"
debates_SDC1004,"co,parl"
debates_SDC3401,"co,parl"
debates_HOC0102,"co,parl"
debates_SDC3101,"co,parl"
CDC_1804_77_01,"co,parl"
debates_CDC2901_04,"co,parl"
debates_CDC0102_01,"co,parl"
debates_HOC2004_04,"co,parl"
debates_HOC1803_03,"co,parl"
debates_CDC3301_10,"co,parl"
debates_SDC2102_01,"co,parl"
debates_SDC3302,"co,parl"
debates_CDC1101_20,"co,parl"
debates_HOC2201_02,"co,parl"
debates_HOC1004_05,"co,parl"
SDC_1303_56_01,"co,parl"
debates_SOC1902,"co,parl"
debates_CDC1203_02,"co,parl"
debates_HOC3302_08,"co,parl"
debates_CDC1303_02,"co,parl"
debates_CDC3302,"co,parl"
debates_HOC2005,"co,parl"
debates_CDC1902_01,"co,parl"
debates_SOC3402,"co,parl"
SDC_3001_121_01,"co,parl"
debates_SDC2205_01,"co,parl"
debates_SOC1101_01,"co,parl"
debates_CDC1702,"co,parl"
debates_HOC0503_04,"co,parl"
HOC_1905_84_01_A01,"co,parl"
HOC_1102_45_01_A03,"co,parl"
debates_HOC0901_01,"co,parl"
debates_HOC2701_12,"co,parl"
debates_HOC1202_02,"co,parl"
SOC_1305_58_01,"co,parl"
debates_SOC1004_01,"co,parl"
debates_SDC1705_01,"co,parl"
debates_SDC1202_01,"co,parl"
debates_HOC2501_03,"co,parl"
debates_CDC3003_01,"co,parl"
CDC_2106_96_01,"co,parl"
debates_CDC0802,"co,parl"
debates_CDC2701_07,"co,parl"
debates_CDC1705_04,"co,parl"
debates_CDC1204_20,"co,parl"
debates_CDC2402_02,"co,parl"
debates_CDC3002_04,"co,parl"
debates_CDC2202,"co,parl"
debates_CDC1706_20,"co,parl"
debates_HOC1501_20,"co,parl"
debates_HOC1205_03,"co,parl"
CDC_1601_64_01,"co,parl"
debates_CDC1902_02,"co,parl"
SOC_0903_38_01,"co,parl"
debates_CDC1401_05,"co,parl"
debates_CDC2301_04,"co,parl"
debates_CDC2803_20,"co,parl"
debates_SOC1301,"co,parl"
debates_SOC0301_03,"co,parl"
debates_CDC2802_01,"co,parl"
CDC_1403_61_01,"co,parl,co,parl"
debates_CDC2401_03,"co,parl"
debates_CDC0903_05,"co,parl"
debates_HOC2802_06,"co,parl"
debates_HOC1702_02,"co,parl"
debates_SOC3301_03,"co,parl"
debates_SDC3402_04,"co,parl"
HOC_1101_44_01_A01,"co,parl"
debates_CDC2101_03,"co,parl"
debates_SOC1404,"co,parl"
debates_CDC1204_01,"co,parl"
debates_CDC2301,"co,parl"
debates_CDC1201_20,"co,parl"
CDC_1201_47_01,"co,parl"
debates_HOC2204_20,"co,parl"
HOC_1303_56_01,"co,parl"
SDC_1302_55_01,"co,parl"
HOC_1802_75_01,"co,parl"
CDC_2902_120_01,"co,parl"
CDC_2107_97_01,"co,parl"
journals_CDC,"co,parl"
CDC_1705_72_01,"co,parl"
SDC_1501_63_01,"co,parl"
journals_SOC,"co,parl"
CDC_1102_45_01_A01,"co,parl"
HOC_1402_60_01_A03,"co,parl"
HOC_2402_105_01,"co,parl"
SOC_2603_112_01,"co,parl"
HOC_1902_81_01,"co,parl"
CDC_1401_59_01,"co,parl"
SOC_3501_132_02,"co,parl"
HOC_2107_97_01,"co,parl"
HOC_0904_39_01,"co,parl"
debates_HOC2405_20,"co,parl"
debates_CDC2201_03,"co,parl"
debates_HOC0202_01,"co,parl"
debates_HOC2804_20,"co,parl"
CDC_1803_76_01,"co,parl"
HOC_1602_65_01_A01,"co,parl"
SDC_1706_73_01,"co,parl"
CDC_2501_109_01,"co,parl"
debates_HOC2103_20,"co,parl"
debates_HOC0601_01,"co,parl"
debates_SOC2205,"co,parl"
debates_SOC2601_01,"co,parl"
debates_CDC2404_04,"co,parl"
debates_SOC2003,"co,parl"
debates_CDC1402_01,"co,parl"
debates_HOC2404_07,"co,parl"
SOC_2005_90_01,"co,parl"
SOC_2101_91_01,"co,parl"
CDC_1205_51_01_A01,"co,parl"
CDC_1205_51_01_A02,"co,parl"
