key,term
oop.debates_HOC1904_04,"5,12,337,559"
oop.debates_SOC1805_01,"5,6,548,549"
oop.debates_SDC0903,"1,2,56,216"
oop.debates_HOC1207_05,"5,12,370,600"
oop.debates_SOC0701_07,"5,6,39,53"
oop.debates_CDC1202_03,"1,9,308,623"
oop.debates_SOC1904_01,"5,6,239,592"
oop.debates_SOC2107_01,"5,6,271,324"
oop.debates_HOC3001_04,"5,12,349,362"
oop.debates_HOC2601_06,"5,12,295,296"
oop.debates_CDC2403_20,"1,9,251,647"
oop.debates_SOC0202_02,"5,6,174,175"
oop.debates_SOC0602_06,"5,6,37,38"
oop.debates_CDC0902,"1,9,144,145"
oop.debates_HOC3301,"5,12,358,692"
oop.debates_SOC2801,"5,6,292,693"
oop.debates_SDC1501,"1,2,680,681"
oop.debates_CDC2602_01,"1,9,231,341"
oop.debates_HOC1301_01,"5,12,229,529"
oop.debates_CDC1206_03,"1,9,308,406"
oop.debates_HOC2107_02,"5,12,327,328"
oop.debates_SOC1305_01,"5,6,233,258"
oop.debates_SOC2103_01,"5,6,271,364"
oop.debates_SDC1901,"1,2,449,474"
oop.debates_HOC2201,"5,12,247,601"
oop.debates_CDC2401_04,"1,9,251,632"
oop.debates_CDC2005_03,"1,9,504,666"
oop.debates_HOC1704_04,"5,12,261,675"
oop.debates_HOC2102_02,"5,12,327,631"
oop.debates_SDC3003_01,"1,2,315,665"
oop.debates_HOC2202_20,"5,12,247,263"
oop.debates_SOC1902_01,"5,6,239,494"
oop.debates_SDC1003_01,"1,2,422,480"
oop.debates_HOC2402_02,"5,12,310,481"
oop.debates_CDC2201_05,"1,9,356,473"
oop.debates_CDC1803_03,"1,9,237,448"
oop.debates_SDC1603,"1,2,254,534"
oop.debates_HOC2106_20,"5,12,327,336"
oop.debates_HOC3301_10,"5,12,358,692"
oop.debates_HOC2203_05,"5,12,247,268"
oop.debates_SDC1001,"1,2,422,648"
oop.debates_SOC2203,"5,6,266,267"
oop.debates_SDC3403_02,"1,2,193,221"
oop.debates_HOC1905_02,"5,12,337,495"
oop.debates_CDC2201,"1,9,356,473"
oop.debates_SOC2804_01,"5,6,292,293"
oop.debates_HOC2101_03,"5,12,327,340"
oop.debates_HOC3402_08,"5,12,15,159"
oop.debates_HOC0801_08,"5,12,21,75"
oop.debates_HOC1301_02,"5,12,229,529"
oop.debates_CDC2402_05,"1,9,251,391"
oop.debates_HOC3301_20,"5,12,358,692"
oop.debates_CDC3201_14,"1,9,491,521"
oop.debates_HOC2902,"5,12,476,477"
oop.debates_CDC1704,"1,9,286,662"
oop.debates_CDC3301,"1,9,609,663"
oop.debates_CDC0903_01,"1,9,144,220"
oop.debates_CDC3302_05,"1,9,609,610"
oop.debates_HOC3301_02,"5,12,358,692"
oop.debates_HOC2404_06,"5,12,310,602"
oop.debates_CDC3201_03,"1,9,491,521"
oop.debates_SDC1103_01,"1,2,389,390"
oop.debates_CDC2104_04,"1,9,299,650"
oop.debates_CDC2602_05,"1,9,231,341"
oop.debates_CDC0901_02,"1,9,144,217"
oop.debates_HOC2803_10,"5,12,245,624"
oop.debates_CDC1404_02,"1,9,241,584"
oop.debates_SOC1704_01,"5,6,354,355"
oop.debates_CDC3302_12,"1,9,609,610"
oop.debates_CDC0503_02,"1,9,54,148"
oop.debates_SDC1205,"1,2,279,382"
oop.debates_CDC2701_04,"1,9,284,320"
oop.debates_CDC2601_20,"1,9,231,232"
oop.debates_SOC2104,"5,6,271,323"
oop.debates_HOC2603,"5,12,295,339"
oop.debates_HOC2404_04,"5,12,310,602"
oop.debates_SDC3201,"1,2,264,265"
oop.debates_CDC1706_04,"1,9,286,287"
oop.debates_CDC1603_01,"1,9,351,563"
oop.debates_SOC2702_01,"5,6,467,468"
oop.debates_SDC0202_01,"1,2,87,88"
oop.debates_CDC2803_05,"1,9,380,502"
oop.debates_HOC2002_01,"5,12,302,604"
oop.debates_HOC2102_20,"5,12,327,631"
oop.debates_CDC0704,"1,9,58,102"
oop.debates_SOC1706,"5,6,354,640"
oop.debates_HOC1801,"5,12,288,562"
oop.debates_CDC2104_20,"1,9,299,650"
oop.debates_HOC0401_01,"5,12,25,26"
oop.debates_HOC1001_20,"5,12,273,377"
oop.debates_SDC1402,"1,2,281,301"
oop.debates_CDC1801_02,"1,9,237,353"
oop.debates_CDC2403_01,"1,9,251,647"
oop.debates_HOC2301_04,"5,12,487,488"
oop.debates_HOC2201_03,"5,12,247,601"
oop.debates_CDC1201_02,"1,9,308,309"
oop.debates_CDC3402_11,"1,9,23,28"
oop.debates_CDC2106,"1,9,299,526"
oop.debates_HOC1804_01,"5,12,288,289"
oop.debates_HOC3302_12,"5,12,358,359"
oop.debates_HOC1201,"5,12,370,413"
oop.debates_HOC3201_99,"5,12,333,334"
oop.debates_HOC3403_11,"5,12,15,16"
oop.debates_CDC2105,"1,9,299,300"
oop.debates_SOC2202_01,"5,6,266,606"
oop.debates_HOC1207_02,"5,12,370,600"
oop.debates_HOC1804_02,"5,12,288,289"
oop.debates_HOC3301_08,"5,12,358,692"
oop.debates_HOC0502_02,"5,12,19,141"
oop.debates_CDC1704_03,"1,9,286,662"
oop.debates_CDC1403_05,"1,9,241,242"
oop.debates_HOC2405_01,"5,12,310,325"
oop.debates_CDC3501_01,"1,9,206,211"
oop.debates_CDC0501_01,"1,9,54,187"
oop.debates_CDC1801,"1,9,237,353"
oop.debates_HOC3201_20,"5,12,333,334"
oop.debates_HOC3501_04,"5,12,93,94"
oop.debates_CDC0704_02,"1,9,58,102"
oop.debates_SOC2603_01,"5,6,227,228"
oop.debates_CDC2201_20,"1,9,356,473"
oop.debates_HOC1603_02,"5,12,343,500"
oop.debates_HOC1804_04,"5,12,288,289"
oop.debates_HOC2601_20,"5,12,295,296"
oop.debates_CDC1404_01,"1,9,241,584"
oop.debates_CDC1304_01,"1,9,372,438"
oop.debates_CDC1804_02,"1,9,237,652"
oop.debates_CDC1704_20,"1,9,286,662"
oop.debates_CDC3302_20,"1,9,609,610"
oop.debates_CDC2901_06,"1,9,275,276"
oop.debates_HOC0704,"5,12,70,107"
oop.debates_CDC2901_03,"1,9,275,276"
oop.debates_HOC2001_01,"5,12,302,303"
oop.debates_HOC2102,"5,12,327,631"
oop.debates_HOC2102_01,"5,12,327,631"
oop.debates_HOC3403_15,"5,12,15,16"
oop.debates_CDC1202_02,"1,9,308,623"
oop.debates_CDC2104,"1,9,299,650"
oop.debates_CDC1402,"1,9,241,649"
oop.debates_CDC2902,"1,9,275,597"
oop.debates_HOC2003_20,"5,12,302,383"
oop.debates_HOC2401_20,"5,12,310,311"
oop.debates_CDC1906_20,"1,9,347,641"
oop.debates_CDC1404_03,"1,9,241,584"
oop.debates_HOC2101_01,"5,12,327,340"
oop.debates_CDC1102,"1,9,365,528"
oop.debates_HOC2104,"5,12,327,605"
oop.debates_SOC3301,"5,6,439,607"
oop.debates_SOC2202,"5,6,266,606"
oop.debates_SDC1804_01,"1,2,305,674"
oop.debates_HOC2402_01,"5,12,310,481"
oop.debates_SOC3003,"5,6,290,453"
oop.debates_HOC0403_02,"5,12,25,103"
oop.debates_HOC1201_03,"5,12,370,413"
oop.debates_CDC2106_02,"1,9,299,526"
oop.debates_HOC3302_13,"5,12,358,359"
oop.debates_CDC1501_01,"1,9,582,583"
oop.debates_HOC3302_02,"5,12,358,359"
oop.debates_HOC1901,"5,12,337,496"
oop.debates_HOC1603_01,"5,12,343,500"
oop.debates_SOC0105_01,"5,6,7,8"
oop.debates_HOC0301,"5,12,13,27"
oop.debates_SOC1305,"5,6,233,258"
oop.debates_CDC3002,"1,9,396,493"
oop.debates_SDC0801_08,"1,2,3,4"
oop.debates_SOC1207_01,"5,6,243,462"
oop.debates_CDC0501_02,"1,9,54,187"
oop.debates_CDC1603_03,"1,9,351,563"
oop.debates_HOC1903_05,"5,12,337,507"
oop.debates_HOC2405_03,"5,12,310,325"
oop.debates_CDC3003,"1,9,396,535"
oop.debates_CDC1202_01,"1,9,308,623"
oop.debates_CDC1004_02,"1,9,249,436"
oop.debates_HOC3501_09,"5,12,93,94"
oop.debates_CDC3403_04,"1,9,23,24"
oop.debates_CDC0301,"1,9,10,46"
oop.debates_CDC1201_04,"1,9,308,309"
oop.debates_SDC2902,"1,2,483,484"
oop.debates_HOC0601,"5,12,17,185"
oop.debates_CDC0101_02,"1,9,41,111"
oop.debates_CDC2602_06,"1,9,231,341"
oop.debates_HOC0305_02,"5,12,13,139"
oop.debates_HOC3302_05,"5,12,358,359"
oop.debates_CDC0705_01,"1,9,58,59"
oop.debates_HOC3403_13,"5,12,15,16"
oop.debates_SOC0201_02,"5,6,174,197"
oop.debates_HOC1002,"5,12,273,274"
oop.debates_SOC1205,"5,6,243,304"
oop.debates_SOC0603,"5,6,37,170"
oop.debates_HOC3501_10,"5,12,93,94"
oop.debates_HOC1203_03,"5,12,370,435"
oop.debates_CDC3403_14,"1,9,23,24"
oop.debates_HOC0504_02,"5,12,19,20"
oop.debates_CDC1901_01,"1,9,347,348"
oop.debates_HOC3402_10,"5,12,15,159"
oop.debates_HOC0805_02,"5,12,21,182"
oop.debates_HOC1103_04,"5,12,458,522"
oop.debates_CDC2106_04,"1,9,299,526"
oop.debates_SDC3003,"1,2,315,665"
oop.debates_HOC2802_04,"5,12,245,585"
oop.debates_SDC2105,"1,2,368,369"
oop.debates_CDC0502,"1,9,54,55"
oop.debates_SDC2301_01,"1,2,259,260"
oop.debates_SOC3101_01,"5,6,419,420"
oop.debates_HOC3201_04,"5,12,333,334"
oop.debates_HOC0904_04,"5,12,117,218"
oop.debates_SOC3302_02,"5,6,439,440"
oop.debates_CDC0703_07,"1,9,58,132"
oop.debates_SOC0302,"5,6,49,129"
oop.debates_CDC2202_03,"1,9,356,541"
oop.debates_SOC0601_06,"5,6,37,72"
oop.debates_HOC1204_20,"5,12,370,556"
oop.debates_SOC2501,"5,6,394,395"
oop.debates_CDC2405_03,"1,9,251,252"
oop.debates_CDC2801_10,"1,9,380,428"
oop.debates_CDC1806_03,"1,9,347,348"
oop.debates_SOC2803,"5,6,292,561"
oop.debates_SOC1204,"5,6,243,342"
oop.debates_HOC2701_20,"5,12,384,508"
oop.debates_HOC1102_03,"5,12,458,679"
oop.debates_CDC3402_09,"1,9,23,28"
oop.debates_HOC1001_04,"5,12,273,377"
oop.debates_HOC1303_02,"5,12,229,230"
oop.debates_HOC2602_06,"5,12,295,518"
oop.debates_HOC1302_01,"5,12,229,307"
oop.debates_SDC2104_01,"1,2,368,479"
oop.debates_HOC2203_04,"5,12,247,268"
oop.debates_SDC0805_08,"1,2,3,143"
oop.debates_SDC1204,"1,2,279,567"
oop.debates_HOC1102_05,"5,12,458,679"
oop.debates_HOC1103_02,"5,12,458,522"
oop.debates_CDC2802_07,"1,9,380,381"
oop.debates_HOC2402_05,"5,12,310,481"
oop.debates_HOC0403,"5,12,25,103"
oop.debates_HOC3201_12,"5,12,333,334"
oop.debates_CDC3004_04,"1,9,396,519"
oop.debates_SOC2701_02,"5,6,467,550"
oop.debates_HOC2201_01,"5,12,247,601"
oop.debates_CDC2002_04,"1,9,504,683"
oop.debates_CDC3302_08,"1,9,609,610"
oop.debates_HOC3002_04,"5,12,349,576"
oop.debates_CDC1101,"1,9,365,627"
oop.debates_HOC1905_20,"5,12,337,495"
oop.debates_HOC2104_05,"5,12,327,605"
oop.debates_CDC2701_01,"1,9,284,320"
oop.debates_SOC3402_02,"5,6,29,30"
oop.debates_HOC1305,"5,12,229,635"
oop.debates_CDC1702_04,"1,9,286,456"
oop.debates_SOC2104_01,"5,6,271,323"
oop.debates_CDC0601_01,"1,9,67,165"
oop.debates_HOC3201_17,"5,12,333,334"
oop.debates_CDC3001_12,"1,9,396,397"
oop.debates_SDC3403_01,"1,2,193,221"
oop.debates_HOC3501_06,"5,12,93,94"
oop.debates_HOC2701_02,"5,12,384,508"
oop.debates_HOC1602_20,"5,12,343,344"
oop.debates_CDC3301_06,"1,9,609,663"
oop.debates_HOC3201_13,"5,12,333,334"
oop.debates_CDC2301_03,"1,9,471,472"
oop.debates_CDC1802_20,"1,9,237,482"
oop.debates_SDC1201,"1,2,279,599"
oop.debates_SOC2403_01,"5,6,407,417"
oop.debates_CDC2401_20,"1,9,251,632"
oop.debates_CDC3403_16,"1,9,23,24"
oop.debates_HOC1103_03,"5,12,458,522"
oop.debates_HOC2203_07,"5,12,247,268"
oop.debates_CDC1202_06,"1,9,308,623"
oop.debates_CDC3001_06,"1,9,396,397"
oop.debates_HOC2203_06,"5,12,247,268"
oop.debates_SOC0902,"5,6,32,208"
oop.debates_CDC0904_03,"1,9,144,156"
oop.debates_HOC1902_03,"5,12,337,379"
oop.debates_HOC0705_02,"5,12,70,150"
oop.debates_HOC1201_02,"5,12,370,413"
oop.debates_CDC1601_02,"1,9,351,352"
oop.debates_HOC1304_05,"5,12,229,551"
oop.debates_SOC3201_03,"5,6,510,659"
oop.debates_HOC3501_08,"5,12,93,94"
oop.debates_HOC0704_01,"5,12,70,107"
oop.debates_SDC2201_01,"1,2,313,461"
oop.debates_CDC0401,"1,9,44,125"
oop.debates_HOC3001_12,"5,12,349,362"
oop.debates_CDC3101,"1,9,552,553"
oop.debates_SDC2501_01,"1,2,414,415"
oop.debates_SOC0502,"5,6,99,100"
oop.debates_HOC1003_02,"5,12,273,431"
oop.debates_SOC1403,"5,6,463,513"
oop.debates_HOC3302_15,"5,12,358,359"
oop.debates_HOC1304,"5,12,229,551"
oop.debates_HOC1603_20,"5,12,343,500"
oop.debates_HOC2901_07,"5,12,476,565"
oop.debates_SDC1903,"1,2,449,450"
oop.debates_HOC3101_20,"5,12,554,555"
oop.debates_SDC1704_01,"1,2,410,411"
oop.debates_CDC2107_04,"1,9,299,612"
oop.debates_HOC0805,"5,12,21,182"
oop.debates_HOC1404_03,"5,12,256,332"
oop.debates_CDC1604,"1,9,351,547"
oop.debates_SDC3403_03,"1,2,193,221"
oop.debates_HOC0602,"5,12,17,162"
oop.debates_CDC1905_02,"1,9,347,598"
oop.debates_HOC1203_05,"5,12,370,435"
oop.debates_HOC2501,"5,12,386,387"
oop.debates_CDC3301_02,"1,9,609,663"
oop.debates_SOC1401_01,"5,6,463,464"
oop.debates_CDC2403_02,"1,9,251,647"
oop.debates_CDC1704_05,"1,9,286,662"
oop.debates_SOC2701,"5,6,467,550"
oop.debates_SOC2602_01,"5,6,227,523"
oop.debates_HOC1501_01,"5,12,401,402"
oop.debates_SOC2702,"5,6,467,468"
oop.debates_CDC2201_06,"1,9,356,473"
oop.debates_CDC1804_20,"1,9,237,652"
oop.debates_HOC2901_02,"5,12,476,565"
oop.debates_CDC3402_02,"1,9,23,28"
oop.debates_SOC3202,"5,6,510,511"
oop.debates_CDC1903_01,"1,9,347,531"
oop.debates_CDC2802_06,"1,9,380,381"
oop.debates_SOC3302,"5,6,439,440"
oop.debates_CDC1604_03,"1,9,351,547"
oop.debates_SOC0202,"5,6,174,175"
oop.debates_HOC0902_02,"5,12,117,118"
oop.debates_SOC2101,"5,6,271,412"
oop.debates_SDC3301,"1,2,404,409"
oop.debates_SDC1704,"1,2,410,411"
oop.debates_HOC1501,"5,12,401,402"
oop.debates_CDC0801_08,"1,9,96,147"
oop.debates_CDC0604_02,"1,9,67,190"
oop.debates_SOC2005,"5,6,277,403"
oop.debates_SOC3403_01,"5,6,29,214"
oop.debates_CDC1801_01,"1,9,237,353"
oop.debates_HOC2105_20,"5,12,327,416"
oop.debates_SOC2802_02,"5,6,292,294"
oop.debates_CDC1403_01,"1,9,241,242"
oop.debates_HOC0201_01,"5,12,80,81"
oop.debates_HOC2107_04,"5,12,327,328"
oop.debates_CDC2202_20,"1,9,356,541"
oop.debates_SDC3201_03,"1,2,264,265"
oop.debates_CDC1301_01,"1,9,372,558"
oop.debates_HOC1404_01,"5,12,256,332"
oop.debates_HOC3002_07,"5,12,349,576"
oop.debates_HOC1102_01,"5,12,458,679"
oop.debates_CDC1205,"1,9,308,501"
oop.debates_HOC2801_05,"5,12,245,246"
oop.debates_CDC1902_04,"1,9,347,669"
oop.debates_HOC0901,"5,12,117,180"
oop.debates_HOC1905_03,"5,12,337,495"
oop.debates_CDC3201_25,"1,9,491,521"
oop.debates_HOC0805_01,"5,12,21,182"
oop.debates_CDC3001,"1,9,396,397"
oop.debates_SDC2501,"1,2,414,415"
oop.debates_SDC0803,"1,2,3,133"
oop.debates_CDC2405_20,"1,9,251,252"
oop.debates_HOC1702_01,"5,12,261,653"
oop.debates_HOC2101_20,"5,12,327,340"
oop.debates_SDC0802,"1,2,3,91"
oop.debates_CDC0603,"1,9,67,169"
oop.debates_CDC1004_06,"1,9,249,436"
oop.debates_CDC1207_05,"1,9,308,629"
oop.debates_CDC3302_10,"1,9,609,610"
oop.debates_HOC3101_01,"5,12,554,555"
oop.debates_HOC2002_04,"5,12,302,604"
oop.debates_CDC0803,"1,9,96,152"
oop.debates_HOC1703,"5,12,261,668"
oop.debates_SOC2902_01,"5,6,441,442"
oop.debates_HOC3402_20,"5,12,15,159"
oop.debates_HOC1905_05,"5,12,337,495"
oop.debates_CDC1001_05,"1,9,249,250"
oop.debates_HOC3202,"5,12,333,638"
oop.debates_SOC0903,"5,6,32,33"
oop.debates_HOC1202_05,"5,12,370,498"
oop.debates_CDC1206_20,"1,9,308,406"
oop.debates_SDC1301,"1,2,454,455"
oop.debates_HOC2801_08,"5,12,245,246"
oop.debates_HOC2802_08,"5,12,245,585"
oop.debates_CDC1203_03,"1,9,308,622"
oop.debates_SOC1303_01,"5,6,233,544"
oop.debates_CDC1302,"1,9,372,613"
oop.debates_CDC2105_01,"1,9,299,300"
oop.debates_CDC2107_02,"1,9,299,612"
oop.debates_SOC0902_01,"5,6,32,208"
oop.debates_HOC1401_02,"5,12,256,590"
oop.debates_HOC1205_20,"5,12,370,371"
oop.debates_CDC1002_20,"1,9,249,335"
oop.debates_HOC1404_20,"5,12,256,332"
oop.debates_CDC3004_01,"1,9,396,519"
oop.debates_SDC2803,"1,2,269,516"
oop.debates_SOC2201,"5,6,266,591"
oop.debates_CDC2701_10,"1,9,284,320"
oop.debates_SDC0201_01,"1,2,87,201"
oop.debates_HOC0504_01,"5,12,19,20"
oop.debates_CDC2701_12,"1,9,284,320"
oop.debates_SOC0805,"5,6,34,123"
oop.debates_SDC1004_02,"1,2,422,423"
oop.debates_CDC0602_02,"1,9,67,68"
oop.debates_HOC2603_02,"5,12,295,339"
oop.debates_HOC2403_04,"5,12,310,577"
oop.debates_HOC1802_01,"5,12,288,564"
oop.debates_SDC0902,"1,2,56,210"
oop.debates_SOC1603,"5,6,485,634"
oop.debates_HOC1101_04,"5,12,458,459"
oop.debates_HOC3501_13,"5,12,93,94"
oop.debates_CDC1004_07,"1,9,249,436"
oop.debates_HOC1701_20,"5,12,261,573"
oop.debates_HOC3302_20,"5,12,358,359"
oop.debates_SOC1003_01,"5,6,297,317"
oop.debates_SOC0201,"5,6,174,197"
oop.debates_CDC2801,"1,9,380,428"
oop.debates_SOC3001_03,"5,6,290,291"
oop.debates_SDC3402_03,"1,2,193,226"
oop.debates_HOC0305,"5,12,13,139"
oop.debates_CDC2403_07,"1,9,251,647"
oop.debates_HOC1706_02,"5,12,261,570"
oop.debates_SDC1205_01,"1,2,279,382"
oop.debates_HOC2202,"5,12,247,263"
oop.debates_HOC3201_02,"5,12,333,334"
oop.debates_HOC2702_07,"5,12,384,385"
oop.debates_CDC3201_24,"1,9,491,521"
oop.debates_HOC3002,"5,12,349,576"
oop.debates_HOC0804,"5,12,21,98"
oop.debates_SOC1801,"5,6,548,566"
oop.debates_HOC1206_20,"5,12,370,515"
oop.debates_HOC2803_06,"5,12,245,624"
oop.debates_CDC1903_04,"1,9,347,531"
oop.debates_HOC1702_04,"5,12,261,653"
oop.debates_SOC2004,"5,6,277,433"
oop.debates_SOC0401,"5,6,73,203"
oop.debates_HOC3201_09,"5,12,333,334"
oop.debates_CDC2901_20,"1,9,275,276"
oop.debates_SOC0901_01,"5,6,32,213"
oop.debates_HOC2403_06,"5,12,310,577"
oop.debates_CDC0404,"1,9,44,45"
oop.debates_CDC0305_02,"1,9,10,76"
oop.debates_CDC2003_04,"1,9,504,505"
oop.debates_HOC1101,"5,12,458,459"
oop.debates_HOC2802_01,"5,12,245,585"
oop.debates_SDC2403,"1,2,235,331"
oop.debates_HOC1403_01,"5,12,256,257"
oop.debates_CDC3003_04,"1,9,396,535"
oop.debates_HOC3401_01,"5,12,15,83"
oop.debates_CDC1207_02,"1,9,308,629"
oop.debates_CDC3101_01,"1,9,552,553"
oop.debates_SDC0904,"1,2,56,57"
oop.debates_SOC1705,"5,6,354,618"
oop.debates_HOC0103,"5,12,51,52"
oop.debates_HOC0701_02,"5,12,70,135"
oop.debates_HOC0902_01,"5,12,117,118"
oop.debates_SOC3004,"5,6,290,569"
oop.debates_HOC1703_03,"5,12,261,668"
oop.debates_HOC3004_03,"5,12,349,350"
oop.debates_HOC2405,"5,12,310,325"
oop.debates_HOC0304,"5,12,13,62"
oop.debates_SOC3501,"5,6,222,225"
oop.debates_SOC1702_01,"5,6,354,633"
oop.debates_CDC0903_03,"1,9,144,220"
oop.debates_SOC0602,"5,6,37,38"
oop.debates_SOC2106_01,"5,6,271,272"
oop.debates_CDC1905_06,"1,9,347,598"
oop.debates_HOC0502_01,"5,12,19,141"
oop.debates_CDC0904_01,"1,9,144,156"
oop.debates_HOC0703,"5,12,70,71"
oop.debates_CDC2105_02,"1,9,299,300"
oop.debates_CDC2203_04,"1,9,356,357"
oop.debates_CDC1205_02,"1,9,308,501"
oop.debates_HOC2301_01,"5,12,487,488"
oop.debates_HOC2201_20,"5,12,247,601"
oop.debates_SOC2105_01,"5,6,271,673"
oop.debates_SDC2101_01,"1,2,368,426"
oop.debates_CDC2005_20,"1,9,504,666"
oop.debates_CDC1604_01,"1,9,351,547"
oop.debates_CDC3301_07,"1,9,609,663"
oop.debates_HOC2401_02,"5,12,310,311"
oop.debates_HOC3501_02,"5,12,93,94"
oop.debates_SOC0304_03,"5,6,49,105"
oop.debates_HOC3501_07,"5,12,93,94"
oop.debates_HOC3301_05,"5,12,358,692"
oop.debates_HOC2601_30,"5,12,295,296"
oop.debates_SDC1806_19,"1,2,305,429"
oop.debates_HOC2804_04,"5,12,245,447"
oop.debates_HOC2804_02,"5,12,245,447"
oop.debates_HOC0702,"5,12,70,146"
oop.debates_CDC1904_20,"1,9,347,393"
oop.debates_CDC3201_02,"1,9,491,521"
oop.debates_SOC1701,"5,6,354,537"
oop.debates_HOC1702_20,"5,12,261,653"
oop.debates_HOC2105_02,"5,12,327,416"
oop.debates_HOC1004_01,"5,12,273,608"
oop.debates_CDC2404_03,"1,9,251,678"
oop.debates_SDC3301_02,"1,2,404,409"
oop.debates_HOC2004_01,"5,12,302,589"
oop.debates_SOC2701_01,"5,6,467,550"
oop.debates_HOC3201_16,"5,12,333,334"
oop.debates_CDC1705,"1,9,286,427"
oop.debates_HOC3201_23,"5,12,333,334"
oop.debates_HOC0604_02,"5,12,17,18"
oop.debates_HOC0701,"5,12,70,135"
oop.debates_CDC1401_04,"1,9,241,532"
oop.debates_CDC2404_08,"1,9,251,678"
oop.debates_CDC1202_20,"1,9,308,623"
oop.debates_HOC1604_01,"5,12,343,444"
oop.debates_CDC1601_01,"1,9,351,352"
oop.debates_HOC3403_04,"5,12,15,16"
oop.debates_CDC2501_20,"1,9,685,686"
oop.debates_HOC1401,"5,12,256,590"
oop.debates_HOC0802_02,"5,12,21,104"
oop.debates_SOC2103,"5,6,271,364"
oop.debates_CDC1602,"1,9,351,363"
oop.debates_CDC2301_20,"1,9,471,472"
oop.debates_SOC3202_01,"5,6,510,511"
oop.debates_SOC2801_02,"5,6,292,693"
oop.debates_SDC2201,"1,2,313,461"
oop.debates_CDC2002_02,"1,9,504,683"
oop.debates_CDC0603_01,"1,9,67,169"
oop.debates_HOC1906,"5,12,337,338"
oop.debates_SDC1703,"1,2,410,617"
oop.debates_CDC2204,"1,9,356,616"
oop.debates_CDC2702_06,"1,9,284,285"
oop.debates_CDC2501_01,"1,9,685,686"
oop.debates_HOC3003,"5,12,349,603"
oop.debates_CDC1706_01,"1,9,286,287"
oop.debates_HOC2202_06,"5,12,247,263"
oop.debates_CDC2001,"1,9,504,664"
oop.debates_HOC0802,"5,12,21,104"
oop.debates_SOC0304,"5,6,49,105"
oop.debates_CDC3501_14,"1,9,206,211"
oop.debates_HOC1001_03,"5,12,273,377"
oop.debates_CDC1102_05,"1,9,365,528"
oop.debates_CDC2104_03,"1,9,299,650"
oop.debates_CDC3201_06,"1,9,491,521"
oop.debates_HOC0804_02,"5,12,21,98"
oop.debates_CDC0701,"1,9,58,186"
oop.debates_CDC1003,"1,9,249,421"
oop.debates_SDC1602_01,"1,2,254,255"
oop.debates_HOC0105,"5,12,51,189"
oop.debates_HOC2501_02,"5,12,386,387"
oop.debates_SDC1805,"1,2,305,430"
oop.debates_SOC0101,"5,6,7,200"
oop.debates_CDC1903,"1,9,347,531"
oop.debates_HOC1902_01,"5,12,337,379"
oop.debates_HOC3301_06,"5,12,358,692"
oop.debates_HOC1903_20,"5,12,337,507"
oop.debates_SOC0802,"5,6,34,43"
oop.debates_SDC2203,"1,2,313,314"
oop.debates_CDC3403_09,"1,9,23,24"
oop.debates_SDC1702_01,"1,2,410,470"
oop.debates_SOC1302_01,"5,6,233,654"
oop.debates_SDC1905_01,"1,2,449,639"
oop.debates_HOC2804,"5,12,245,447"
oop.debates_HOC0701_01,"5,12,70,135"
oop.debates_HOC2003_04,"5,12,302,383"
oop.debates_HOC3301_04,"5,12,358,692"
oop.debates_CDC1804,"1,9,237,652"
oop.debates_SDC3001,"1,2,315,316"
oop.debates_SOC0801,"5,6,34,35"
oop.debates_CDC1906,"1,9,347,641"
oop.debates_SOC3002,"5,6,290,642"
oop.debates_SDC3002_01,"1,2,315,530"
oop.debates_CDC1703_01,"1,9,286,581"
oop.debates_HOC3002_20,"5,12,349,576"
oop.debates_SOC2106,"5,6,271,272"
oop.debates_SOC0303_03,"5,6,49,108"
oop.debates_SOC0705_07,"5,6,39,171"
oop.debates_CDC1804_04,"1,9,237,652"
oop.debates_CDC1003_20,"1,9,249,421"
oop.debates_CDC2902_20,"1,9,275,597"
oop.debates_HOC0705,"5,12,70,150"
oop.debates_CDC1904_02,"1,9,347,393"
oop.debates_CDC2603,"1,9,231,378"
oop.debates_HOC2106_03,"5,12,327,336"
oop.debates_CDC2107_03,"1,9,299,612"
oop.debates_CDC1903_02,"1,9,347,531"
oop.debates_SDC0101_02,"1,2,60,61"
oop.debates_HOC1001_05,"5,12,273,377"
oop.debates_CDC3301_08,"1,9,609,663"
oop.debates_CDC1806_01,"1,9,237,238"
oop.debates_SDC2202_01,"1,2,313,578"
oop.debates_HOC1002_04,"5,12,273,274"
oop.debates_HOC1205_02,"5,12,370,371"
oop.debates_SOC1806,"5,6,548,595"
oop.debates_SDC3301_03,"1,2,404,409"
oop.debates_CDC3402_05,"1,9,23,28"
oop.debates_HOC2004_06,"5,12,302,589"
oop.debates_SDC0801,"1,2,3,4"
oop.debates_HOC2101,"5,12,327,340"
oop.debates_CDC0803_01,"1,9,96,152"
oop.debates_CDC3501_07,"1,9,206,211"
oop.debates_HOC2701_09,"5,12,384,508"
oop.debates_SOC3302_01,"5,6,439,440"
oop.debates_SOC1303,"5,6,233,544"
oop.debates_SDC1304,"1,2,454,543"
oop.debates_HOC1202_01,"5,12,370,498"
oop.debates_HOC1304_04,"5,12,229,551"
oop.debates_HOC0104_01,"5,12,51,109"
oop.debates_HOC1705_20,"5,12,261,262"
oop.debates_SOC0704,"5,6,39,134"
oop.debates_HOC0501_01,"5,12,19,178"
oop.debates_HOC3402_09,"5,12,15,159"
oop.debates_HOC3001,"5,12,349,362"
oop.debates_HOC1003_03,"5,12,273,431"
oop.debates_HOC1803_04,"5,12,288,452"
oop.debates_SDC2107_01,"1,2,368,540"
oop.debates_CDC2603_20,"1,9,231,378"
oop.debates_HOC3004_04,"5,12,349,350"
oop.debates_CDC2403_04,"1,9,251,647"
oop.debates_SDC1101,"1,2,389,434"
oop.debates_HOC1604_03,"5,12,343,444"
oop.debates_SOC1004_02,"5,6,297,594"
oop.debates_HOC3201_22,"5,12,333,334"
oop.debates_HOC3301_03,"5,12,358,692"
oop.debates_CDC2803_03,"1,9,380,502"
oop.debates_HOC0304_03,"5,12,13,62"
oop.debates_HOC1604_02,"5,12,343,444"
oop.debates_CDC3501_09,"1,9,206,211"
oop.debates_CDC3201_23,"1,9,491,521"
oop.debates_CDC2203_05,"1,9,356,357"
oop.debates_CDC2403_05,"1,9,251,647"
oop.debates_SOC0305,"5,6,49,50"
oop.debates_HOC1103_01,"5,12,458,522"
oop.debates_HOC1201_01,"5,12,370,413"
oop.debates_HOC0903_03,"5,12,117,209"
oop.debates_CDC3201_21,"1,9,491,521"
oop.debates_HOC1201_20,"5,12,370,413"
oop.debates_HOC2801_04,"5,12,245,246"
oop.debates_SOC0706_07,"5,6,39,40"
oop.debates_HOC1602_01,"5,12,343,344"
oop.debates_SDC2701_01,"1,2,586,587"
oop.debates_HOC2802_02,"5,12,245,585"
oop.debates_HOC2803_03,"5,12,245,624"
oop.debates_HOC1203_20,"5,12,370,435"
oop.debates_CDC2804_20,"1,9,380,465"
oop.debates_CDC2004_03,"1,9,504,575"
oop.debates_SOC0803,"5,6,34,92"
oop.debates_SOC0903_02,"5,6,32,33"
oop.debates_CDC0404_04,"1,9,44,45"
oop.debates_SDC3302_02,"1,2,404,405"
oop.debates_SOC3003_01,"5,6,290,453"
oop.debates_CDC2702_04,"1,9,284,285"
oop.debates_CDC3302_15,"1,9,609,610"
oop.debates_SOC1204_01,"5,6,243,342"
oop.debates_HOC2205_20,"5,12,247,392"
oop.debates_SOC2102,"5,6,271,539"
oop.debates_HOC0904_02,"5,12,117,218"
oop.debates_HOC2107_05,"5,12,327,328"
oop.debates_CDC2202_02,"1,9,356,541"
oop.debates_CDC0801,"1,9,96,147"
oop.debates_CDC0805,"1,9,96,97"
oop.debates_SOC0104_01,"1,2,5,6,7,60,120,121"
oop.debates_CDC1205_20,"1,9,308,501"
oop.debates_SDC2702,"1,2,586,611"
oop.debates_CDC0104,"1,9,41,110"
oop.debates_CDC2002,"1,9,504,683"
oop.debates_SOC1805,"5,6,548,549"
oop.debates_HOC1305_03,"5,12,229,635"
oop.debates_HOC1202_03,"5,12,370,498"
oop.debates_HOC0601_02,"5,12,17,185"
oop.debates_HOC1004,"5,12,273,608"
oop.debates_HOC0604,"5,12,17,18"
oop.debates_CDC1602_02,"1,9,351,363"
oop.debates_CDC2003_05,"1,9,504,505"
oop.debates_CDC1001_04,"1,9,249,250"
oop.debates_CDC1303,"1,9,372,373"
oop.debates_HOC2003_06,"5,12,302,383"
oop.debates_CDC2804_01,"1,9,380,465"
oop.debates_HOC3002_02,"5,12,349,576"
oop.debates_HOC1205_01,"5,12,370,371"
oop.debates_SDC3402_01,"1,2,193,226"
oop.debates_SOC0805_08,"5,6,34,123"
oop.debates_CDC2102_03,"1,9,299,489"
oop.debates_CDC1403_04,"1,9,241,242"
oop.debates_CDC3001_14,"1,9,396,397"
oop.debates_CDC3501_10,"1,9,206,211"
oop.debates_CDC2101_01,"1,9,299,469"
oop.debates_HOC1205,"5,12,370,371"
oop.debates_HOC2602_08,"5,12,295,518"
oop.debates_HOC0705_01,"5,12,70,150"
oop.debates_SDC1802,"1,2,305,451"
oop.debates_HOC2803_05,"5,12,245,624"
oop.debates_SDC1102_01,"1,2,389,538"
oop.debates_SOC2003_01,"5,6,277,499"
oop.debates_SDC2405_01,"1,2,235,690"
oop.debates_HOC1705_01,"5,12,261,262"
oop.debates_CDC1803_02,"1,9,237,448"
oop.debates_CDC2405,"1,9,251,252"
oop.debates_SOC1706_01,"5,6,354,640"
oop.debates_HOC2901,"5,12,476,565"
oop.debates_HOC2404,"5,12,310,602"
oop.debates_CDC1902,"1,9,347,669"
oop.debates_HOC1004_04,"5,12,273,608"
oop.debates_HOC2701_03,"5,12,384,508"
oop.debates_HOC1206,"5,12,370,515"
oop.debates_SOC1101,"5,6,636,644"
oop.debates_CDC3403,"1,9,23,24"
oop.debates_CDC1303_01,"1,9,372,373"
oop.debates_HOC2801_07,"5,12,245,246"
oop.debates_CDC1706_02,"1,9,286,287"
oop.debates_CDC2601_01,"1,9,231,232"
oop.debates_CDC2301_02,"1,9,471,472"
oop.debates_HOC0503,"5,12,19,31"
oop.debates_HOC0903_01,"5,12,117,209"
oop.debates_SOC1401,"5,6,463,464"
oop.debates_SDC1202,"1,2,279,280"
oop.debates_SOC2204,"5,6,266,283"
oop.debates_SDC1401,"1,2,281,282"
oop.debates_SOC2803_01,"5,6,292,561"
oop.debates_SOC2402,"5,6,407,408"
oop.debates_CDC1206,"1,9,308,406"
oop.debates_SDC1904_01,"1,2,449,503"
oop.debates_HOC3302_07,"5,12,358,359"
oop.debates_CDC0401_01,"1,9,44,125"
oop.debates_CDC3001_04,"1,9,396,397"
oop.debates_CDC3403_06,"1,9,23,24"
oop.debates_HOC1803_02,"5,12,288,452"
oop.debates_HOC3301_09,"5,12,358,692"
oop.debates_HOC1402_04,"5,12,256,579"
oop.debates_SOC1304_01,"5,6,233,626"
oop.debates_CDC3201_08,"1,9,491,521"
oop.debates_HOC3201_11,"5,12,333,334"
oop.debates_CDC0402,"1,9,44,154"
oop.debates_HOC2003,"5,12,302,383"
oop.debates_CDC2801_04,"1,9,380,428"
oop.debates_CDC0303,"1,9,10,160"
oop.debates_SOC0403,"5,6,73,161"
oop.debates_HOC2403_07,"5,12,310,577"
oop.debates_CDC0105_01,"1,9,41,42"
oop.debates_CDC2602,"1,9,231,341"
oop.debates_CDC3401,"1,9,23,212"
oop.debates_CDC1004,"1,9,249,436"
oop.debates_SOC1402_01,"5,6,463,545"
oop.debates_CDC2803_06,"1,9,380,502"
oop.debates_CDC1304_05,"1,9,372,438"
oop.debates_HOC2106_02,"5,12,327,336"
oop.debates_SDC1002_01,"1,2,422,527"
oop.debates_SOC0901,"5,6,32,213"
oop.debates_SOC0702,"5,6,39,106"
oop.debates_CDC1901,"1,9,347,348"
oop.debates_SDC1201_01,"1,2,279,599"
oop.debates_HOC0903_04,"5,12,117,209"
oop.debates_HOC1601_20,"5,12,343,517"
oop.debates_SOC0803_08,"5,6,34,92"
oop.debates_HOC3301_01,"5,12,358,692"
oop.debates_CDC2603_01,"1,9,231,378"
oop.debates_HOC2601_01,"5,12,295,296"
oop.debates_SOC2901,"5,6,441,478"
oop.debates_SOC1803_01,"5,6,548,620"
oop.debates_HOC2701_06,"5,12,384,508"
oop.debates_SDC3201_02,"1,2,264,265"
oop.debates_CDC3302_09,"1,9,609,610"
oop.debates_SOC1002,"5,6,297,298"
oop.debates_CDC2103,"1,9,299,443"
oop.debates_CDC1403,"1,9,241,242"
oop.debates_SOC1206,"5,6,243,244"
oop.debates_CDC3402_14,"1,9,23,28"
oop.debates_CDC2804_02,"1,9,380,465"
oop.debates_HOC1404_05,"5,12,256,332"
oop.debates_SOC3301_01,"5,6,439,607"
oop.debates_CDC0902_02,"1,9,144,145"
oop.debates_SDC2804_01,"1,2,269,270"
oop.debates_CDC0502_01,"1,9,54,55"
oop.debates_HOC3302,"5,12,358,359"
oop.debates_SOC0703,"5,6,39,126"
oop.debates_HOC2005_03,"5,12,302,660"
oop.debates_CDC1305_04,"1,9,372,524"
oop.debates_CDC1003_04,"1,9,249,421"
oop.debates_SDC2004,"1,2,424,475"
oop.debates_SOC2001_01,"5,6,277,546"
oop.debates_CDC3001_13,"1,9,396,397"
oop.debates_CDC0904_05,"1,9,144,156"
oop.debates_SDC3401_01,"1,2,193,194"
oop.debates_HOC1501_05,"5,12,401,402"
oop.debates_CDC0602_01,"1,9,67,68"
oop.debates_HOC1002_02,"5,12,273,274"
oop.debates_SDC2001,"1,2,424,593"
oop.debates_SDC2402_01,"1,2,235,667"
oop.debates_CDC1102_03,"1,9,365,528"
oop.debates_HOC2802_07,"5,12,245,585"
oop.debates_CDC1501_02,"1,9,582,583"
oop.debates_HOC2104_02,"5,12,327,605"
oop.debates_CDC2204_20,"1,9,356,616"
oop.debates_SOC0404,"5,6,73,151"
oop.debates_HOC2901_03,"5,12,476,565"
oop.debates_SDC1303,"1,2,454,557"
oop.debates_CDC3003_03,"1,9,396,535"
oop.debates_SOC1102,"5,6,636,637"
oop.debates_SOC1704,"5,6,354,355"
oop.debates_HOC2902_01,"5,12,476,477"
oop.debates_HOC3501_01,"5,12,93,94"
oop.debates_CDC1703_02,"1,9,286,581"
oop.debates_CDC2202_05,"1,9,356,541"
oop.debates_CDC3301_09,"1,9,609,663"
oop.debates_HOC1601,"5,12,343,517"
oop.debates_CDC0804,"1,9,96,199"
oop.debates_CDC1207_01,"1,9,308,629"
oop.debates_CDC1403_02,"1,9,241,242"
oop.debates_HOC1102_04,"5,12,458,679"
oop.debates_HOC0801,"5,12,21,75"
oop.debates_CDC0802_02,"1,9,96,114"
oop.debates_CDC2105_20,"1,9,299,300"
oop.debates_HOC1805,"5,12,288,400"
oop.debates_CDC3302_04,"1,9,609,610"
oop.debates_CDC3201_15,"1,9,491,521"
oop.debates_HOC2103,"5,12,327,687"
oop.debates_HOC3001_06,"5,12,349,362"
oop.debates_CDC2603_02,"1,9,231,378"
oop.debates_SDC1404_01,"1,2,281,568"
oop.debates_HOC3403_03,"5,12,15,16"
oop.debates_HOC0903_02,"5,12,117,209"
oop.debates_CDC2702_05,"1,9,284,285"
oop.debates_HOC1202_04,"5,12,370,498"
oop.debates_CDC2702_07,"1,9,284,285"
oop.debates_CDC1304_02,"1,9,372,438"
oop.debates_CDC0604_01,"1,9,67,190"
oop.debates_CDC1802_03,"1,9,237,482"
oop.debates_HOC2005_20,"5,12,302,660"
oop.debates_CDC1802_02,"1,9,237,482"
oop.debates_CDC1404_04,"1,9,241,584"
oop.debates_SDC1303_01,"1,2,454,557"
oop.debates_SDC3201_05,"1,2,264,265"
oop.debates_SDC0803_08,"1,2,3,133"
oop.debates_CDC2802_03,"1,9,380,381"
oop.debates_SDC2002,"1,2,424,588"
oop.debates_HOC2802,"5,12,245,585"
oop.debates_CDC2804_04,"1,9,380,465"
oop.debates_CDC2002_05,"1,9,504,683"
oop.debates_HOC1602_02,"5,12,343,344"
oop.debates_HOC2403_03,"5,12,310,577"
oop.debates_CDC3201_05,"1,9,491,521"
oop.debates_CDC3501_12,"1,9,206,211"
oop.debates_SOC1002_01,"5,6,297,298"
oop.debates_SOC1501,"5,6,571,572"
oop.debates_HOC1501_02,"5,12,401,402"
oop.debates_HOC2701_14,"5,12,384,508"
oop.debates_HOC0804_03,"5,12,21,98"
oop.debates_HOC1704_03,"5,12,261,675"
oop.debates_HOC1904_20,"5,12,337,559"
oop.debates_CDC1904_01,"1,9,347,393"
oop.debates_SOC0303,"5,6,49,108"
oop.debates_HOC0503_03,"5,12,19,31"
oop.debates_SDC0903_01,"1,2,56,216"
oop.debates_HOC1103_20,"5,12,458,522"
oop.debates_CDC1206_04,"1,9,308,406"
oop.debates_HOC3001_11,"5,12,349,362"
oop.debates_HOC3302_10,"5,12,358,359"
oop.debates_HOC1403,"5,12,256,257"
oop.debates_CDC2602_04,"1,9,231,341"
oop.debates_CDC3202_02,"1,9,491,492"
oop.debates_HOC3402_04,"5,12,15,159"
oop.debates_CDC3201_12,"1,9,491,521"
oop.debates_SDC3301_01,"1,2,404,409"
oop.debates_SOC0104,"1,2,5,6,7,60,120,121"
oop.debates_HOC3001_10,"5,12,349,362"
oop.debates_CDC2901_02,"1,9,275,276"
oop.debates_SOC2105,"5,6,271,673"
oop.debates_CDC1205_03,"1,9,308,501"
oop.debates_CDC1501_04,"1,9,582,583"
oop.debates_SDC1302_01,"1,2,454,614"
oop.debates_HOC0805_03,"5,12,21,182"
oop.debates_SOC2405_01,"5,6,407,628"
oop.debates_CDC2801_02,"1,9,380,428"
oop.debates_SDC1604_01,"1,2,254,643"
oop.debates_CDC2702_02,"1,9,284,285"
oop.debates_CDC0304,"1,9,10,183"
oop.debates_SOC2403,"5,6,407,417"
oop.debates_SOC0504_05,"5,6,99,122"
oop.debates_SDC3101_01,"1,2,655,656"
oop.debates_CDC2801_20,"1,9,380,428"
oop.debates_HOC2205_03,"5,12,247,392"
oop.debates_HOC1703_01,"5,12,261,668"
oop.debates_CDC2001_02,"1,9,504,664"
oop.debates_SOC2401_01,"5,6,407,621"
oop.debates_HOC1806_01,"5,12,288,506"
oop.debates_SOC3002_02,"5,6,290,642"
oop.debates_CDC2404_20,"1,9,251,678"
oop.debates_HOC2202_05,"5,12,247,263"
oop.debates_CDC1004_05,"1,9,249,436"
oop.debates_HOC1102,"5,12,458,679"
oop.debates_CDC1701_19,"1,9,286,326"
oop.debates_SOC1801_01,"5,6,548,566"
oop.debates_HOC1206_01,"5,12,370,515"
oop.debates_SOC0302_03,"5,6,49,129"
oop.debates_CDC0901_01,"1,9,144,217"
oop.debates_CDC1905_05,"1,9,347,598"
oop.debates_CDC0903,"1,9,144,220"
oop.debates_HOC1402,"5,12,256,579"
oop.debates_HOC1902,"5,12,337,379"
oop.debates_SOC0403_04,"5,6,73,161"
oop.debates_HOC3403_06,"5,12,15,16"
oop.debates_CDC2402_20,"1,9,251,391"
oop.debates_HOC2601_04,"5,12,295,296"
oop.debates_HOC1903,"5,12,337,507"
oop.debates_HOC2701,"5,12,384,508"
oop.debates_HOC1806,"5,12,288,506"
oop.debates_SDC2801_01,"1,2,269,684"
oop.debates_SOC1304,"5,6,233,626"
oop.debates_CDC3002_01,"1,9,396,493"
oop.debates_CDC0103_01,"1,9,41,188"
oop.debates_CDC2202_04,"1,9,356,541"
oop.debates_CDC2104_01,"1,9,299,650"
oop.debates_HOC0402_01,"5,12,25,82"
oop.debates_CDC0305,"1,9,10,76"
oop.debates_SOC3004_01,"5,6,290,569"
oop.debates_SDC3201_20,"1,2,264,265"
oop.debates_SOC2107,"5,6,271,324"
oop.debates_CDC0705,"1,9,58,59"
oop.debates_HOC1704_02,"5,12,261,675"
oop.debates_CDC3201_18,"1,9,491,521"
oop.debates_CDC3501_11,"1,9,206,211"
oop.debates_CDC2601,"1,9,231,232"
oop.debates_CDC1101_02,"1,9,365,627"
oop.debates_HOC3201_25,"5,12,333,334"
oop.debates_CDC2101,"1,9,299,469"
oop.debates_SDC1702,"1,2,410,470"
oop.debates_CDC3403_08,"1,9,23,24"
oop.debates_CDC3101_20,"1,9,552,553"
oop.debates_HOC1802,"5,12,288,564"
oop.debates_HOC1207_01,"5,12,370,600"
oop.debates_HOC1002_01,"5,12,273,274"
oop.debates_HOC2902_20,"5,12,476,477"
oop.debates_HOC0706,"5,12,70,191"
oop.debates_CDC0303_03,"1,9,10,160"
oop.debates_HOC0404_04,"5,12,25,136"
oop.debates_CDC2803_08,"1,9,380,502"
oop.debates_HOC2402_03,"5,12,310,481"
oop.debates_CDC3402_08,"1,9,23,28"
oop.debates_CDC1202,"1,9,308,623"
oop.debates_SDC2105_01,"1,2,368,369"
oop.debates_CDC2401_02,"1,9,251,632"
oop.debates_HOC1202_06,"5,12,370,498"
oop.debates_SOC2804,"5,6,292,293"
oop.debates_CDC2002_20,"1,9,504,683"
oop.debates_CDC3402_12,"1,9,23,28"
oop.debates_HOC2701_01,"5,12,384,508"
oop.debates_CDC1702_03,"1,9,286,456"
oop.debates_SDC1905,"1,2,449,639"
oop.debates_HOC2104_04,"5,12,327,605"
oop.debates_CDC2203_07,"1,9,356,357"
oop.debates_HOC1301,"5,12,229,529"
oop.debates_HOC2104_01,"5,12,327,605"
oop.debates_CDC3302_14,"1,9,609,610"
oop.debates_SOC2603,"5,6,227,228"
oop.debates_CDC2701_02,"1,9,284,320"
oop.debates_CDC0604,"1,9,67,190"
oop.debates_CDC1703,"1,9,286,581"
oop.debates_CDC3002_05,"1,9,396,493"
oop.debates_CDC0502_02,"1,9,54,55"
oop.debates_HOC3201_14,"5,12,333,334"
oop.debates_SOC1903_01,"5,6,239,437"
oop.debates_HOC2702_03,"5,12,384,385"
oop.debates_HOC2201_06,"5,12,247,601"
oop.debates_SDC2404,"1,2,235,236"
oop.debates_HOC2702_05,"5,12,384,385"
oop.debates_HOC0904_01,"5,12,117,218"
oop.debates_SOC3001_02,"5,6,290,291"
oop.debates_CDC0701_03,"1,9,58,186"
oop.debates_SDC2402,"1,2,235,667"
oop.debates_HOC2701_08,"5,12,384,508"
oop.debates_CDC3402_03,"1,9,23,28"
oop.debates_SDC2001_01,"1,2,424,593"
oop.debates_CDC3001_11,"1,9,396,397"
oop.debates_CDC2602_12,"1,9,231,341"
oop.debates_HOC2801,"5,12,245,246"
oop.debates_HOC0904_03,"5,12,117,218"
oop.debates_SDC1207_01,"1,2,279,432"
oop.debates_CDC1203,"1,9,308,622"
oop.debates_HOC3401,"5,12,15,83"
oop.debates_CDC2801_09,"1,9,380,428"
oop.debates_CDC0403_01,"1,9,44,198"
oop.debates_HOC1803_01,"5,12,288,452"
oop.debates_SDC0105_01,"1,2,60,84"
oop.debates_SOC1001_01,"5,6,297,542"
oop.debates_HOC1901_01,"5,12,337,496"
oop.debates_HOC1705,"5,12,261,262"
oop.debates_SDC3201_01,"1,2,264,265"
oop.debates_HOC0803_01,"5,12,21,22"
oop.debates_SOC0102,"1,2,5,6,7,60,138,158"
oop.debates_HOC0904,"5,12,117,218"
oop.debates_SOC1602_01,"5,6,485,525"
oop.debates_CDC1003_01,"1,9,249,421"
oop.debates_SDC0904_01,"1,2,56,57"
oop.debates_HOC2202_03,"5,12,247,263"
oop.debates_CDC1904_04,"1,9,347,393"
oop.debates_CDC1304_04,"1,9,372,438"
oop.debates_CDC2104_05,"1,9,299,650"
oop.debates_CDC3202_03,"1,9,491,492"
oop.debates_SOC1906_01,"5,6,239,514"
oop.debates_CDC3401_01,"1,9,23,212"
oop.debates_HOC2804_03,"5,12,245,447"
oop.debates_SOC2101_01,"5,6,271,412"
oop.debates_CDC1802,"1,9,237,482"
oop.debates_SDC2802_02,"1,2,269,580"
oop.debates_SDC2102,"1,2,368,691"
oop.debates_CDC2601_03,"1,9,231,232"
oop.debates_CDC1804_03,"1,9,237,652"
oop.debates_HOC1002_20,"5,12,273,274"
oop.debates_SOC1203,"5,6,243,560"
oop.debates_CDC1302_02,"1,9,372,613"
oop.debates_HOC2203_01,"5,12,247,268"
oop.debates_CDC1102_04,"1,9,365,528"
oop.debates_CDC0706,"1,9,58,173"
oop.debates_CDC2702_01,"1,9,284,285"
oop.debates_SDC1102,"1,2,389,538"
oop.debates_HOC1004_20,"5,12,273,608"
oop.debates_CDC2701_11,"1,9,284,320"
oop.debates_HOC3302_03,"5,12,358,359"
oop.debates_HOC2602_20,"5,12,295,518"
oop.debates_CDC1905,"1,9,347,598"
oop.debates_HOC1704_01,"5,12,261,675"
oop.debates_CDC1801_03,"1,9,237,353"
oop.debates_HOC1101_20,"5,12,458,459"
oop.debates_HOC1803,"5,12,288,452"
oop.debates_HOC1203_01,"5,12,370,435"
oop.debates_HOC2203_03,"5,12,247,268"
oop.debates_CDC1403_03,"1,9,241,242"
oop.debates_CDC1401_01,"1,9,241,532"
oop.debates_CDC1302_05,"1,9,372,613"
oop.debates_CDC2301_01,"1,9,471,472"
oop.debates_SDC3501,"1,2,204,215"
oop.debates_CDC1304,"1,9,372,438"
oop.debates_SDC0804,"1,2,3,142"
oop.debates_SOC0504,"5,6,99,122"
oop.debates_CDC2902_02,"1,9,275,597"
oop.debates_HOC2205_01,"5,12,247,392"
oop.debates_CDC1402_05,"1,9,241,649"
oop.debates_CDC0402_01,"1,9,44,154"
oop.debates_CDC2203_03,"1,9,356,357"
oop.debates_CDC1203_20,"1,9,308,622"
oop.debates_HOC1004_07,"5,12,273,608"
oop.debates_HOC2802_20,"5,12,245,585"
oop.debates_CDC0601,"1,9,67,165"
oop.debates_SOC0804,"5,6,34,166"
oop.debates_CDC1301_02,"1,9,372,558"
oop.debates_HOC2701_10,"5,12,384,508"
oop.debates_HOC3201_08,"5,12,333,334"
oop.debates_SOC1905,"5,6,239,240"
oop.debates_HOC3403_09,"5,12,15,16"
oop.debates_CDC1806,"1,9,237,238"
oop.debates_CDC2205_20,"1,9,356,646"
oop.debates_HOC2803_01,"5,12,245,624"
oop.debates_CDC1004_01,"1,9,249,436"
oop.debates_CDC2802_20,"1,9,380,381"
oop.debates_SDC2701,"1,2,586,587"
oop.debates_CDC2602_20,"1,9,231,341"
oop.debates_HOC2004_02,"5,12,302,589"
oop.debates_HOC2301_02,"5,12,487,488"
oop.debates_SOC3403_04,"5,6,29,214"
oop.debates_CDC2004_05,"1,9,504,575"
oop.debates_HOC2403_20,"5,12,310,577"
oop.debates_HOC1304_01,"5,12,229,551"
oop.debates_SOC1207,"5,6,243,462"
oop.debates_CDC2205,"1,9,356,646"
oop.debates_CDC1301,"1,9,372,558"
oop.debates_HOC1904,"5,12,337,559"
oop.debates_HOC0202,"5,12,80,86"
oop.debates_CDC0504_02,"1,9,54,179"
oop.debates_HOC3402_13,"5,12,15,159"
oop.debates_CDC2501_02,"1,9,685,686"
oop.debates_HOC3501_14,"5,12,93,94"
oop.debates_CDC2003_02,"1,9,504,505"
oop.debates_CDC3501_15,"1,9,206,211"
oop.debates_CDC3004,"1,9,396,519"
oop.debates_CDC1705_03,"1,9,286,427"
oop.debates_CDC2501_03,"1,9,685,686"
oop.debates_HOC1501_03,"5,12,401,402"
oop.debates_SOC3402_03,"5,6,29,30"
oop.debates_SDC3201_04,"1,2,264,265"
oop.debates_SDC3501_02,"1,2,204,215"
oop.debates_SDC2107,"1,2,368,540"
oop.debates_HOC3201_05,"5,12,333,334"
oop.debates_CDC3002_07,"1,9,396,493"
oop.debates_HOC1302_05,"5,12,229,307"
oop.debates_HOC2405_02,"5,12,310,325"
oop.debates_CDC3301_20,"1,9,609,663"
oop.debates_SDC1401_01,"1,2,281,282"
oop.debates_CDC2404,"1,9,251,678"
oop.debates_CDC1001,"1,9,249,250"
oop.debates_HOC1101_01,"5,12,458,459"
oop.debates_SOC3501_01,"5,6,222,225"
oop.debates_SDC1804,"1,2,305,674"
oop.debates_SOC1803,"5,6,548,620"
oop.debates_SDC2204,"1,2,313,619"
oop.debates_CDC1003_02,"1,9,249,421"
oop.debates_CDC1002_01,"1,9,249,335"
oop.debates_HOC2601_02,"5,12,295,296"
oop.debates_CDC1804_01,"1,9,237,652"
oop.debates_CDC2603_03,"1,9,231,378"
oop.debates_HOC3501_20,"5,12,93,94"
oop.debates_SDC1206,"1,2,279,497"
oop.debates_HOC3402,"5,12,15,159"
oop.debates_CDC0403_02,"1,9,44,198"
oop.debates_HOC3402_01,"5,12,15,159"
oop.debates_CDC2101_02,"1,9,299,469"
oop.debates_SOC1602,"5,6,485,525"
oop.debates_SDC0901,"1,2,56,79"
oop.debates_CDC0601_02,"1,9,67,165"
oop.debates_HOC1403_04,"5,12,256,257"
oop.debates_CDC1004_04,"1,9,249,436"
oop.debates_CDC0802_01,"1,9,96,114"
oop.debates_HOC1705_04,"5,12,261,262"
oop.debates_CDC1302_01,"1,9,372,613"
oop.debates_CDC1103_01,"1,9,365,366"
oop.debates_SDC2901_02,"1,2,483,645"
oop.debates_CDC3001_03,"1,9,396,397"
oop.debates_SOC2301_01,"5,6,671,672"
oop.debates_CDC1003_03,"1,9,249,421"
oop.debates_HOC2602_02,"5,12,295,518"
oop.debates_CDC0704_01,"1,9,58,102"
oop.debates_HOC3403_05,"5,12,15,16"
oop.debates_CDC1603_02,"1,9,351,563"
oop.debates_CDC2102_02,"1,9,299,489"
oop.debates_CDC2203_02,"1,9,356,357"
oop.debates_SDC2801,"1,2,269,684"
oop.debates_HOC0503_01,"5,12,19,31"
oop.debates_HOC0501,"5,12,19,178"
oop.debates_HOC1705_02,"5,12,261,262"
oop.debates_CDC0401_02,"1,9,44,125"
oop.debates_CDC0901,"1,9,144,217"
oop.debates_SOC2801_01,"5,6,292,693"
oop.debates_HOC1004_03,"5,12,273,608"
oop.debates_HOC3501_15,"5,12,93,94"
oop.debates_CDC2401_01,"1,9,251,632"
oop.debates_SOC1601,"5,6,485,486"
oop.debates_CDC1305_05,"1,9,372,524"
oop.debates_HOC1802_03,"5,12,288,564"
oop.debates_HOC2002_20,"5,12,302,604"
oop.debates_CDC2801_07,"1,9,380,428"
oop.debates_HOC1905_06,"5,12,337,495"
oop.debates_SDC1101_01,"1,2,389,434"
oop.debates_HOC2901_05,"5,12,476,565"
oop.debates_CDC1806_02,"1,9,347,348"
oop.debates_HOC2401_03,"5,12,310,311"
oop.debates_HOC1207_04,"5,12,370,600"
oop.debates_CDC2803_04,"1,9,380,502"
oop.debates_CDC1103_05,"1,9,365,366"
oop.debates_CDC1101_01,"1,9,365,627"
oop.debates_HOC2801_03,"5,12,245,246"
oop.debates_CDC1501,"1,9,582,583"
oop.debates_SOC2204_01,"5,6,266,283"
oop.debates_HOC1904_02,"5,12,337,559"
oop.debates_CDC2205_01,"1,9,356,646"
oop.debates_CDC1501_05,"1,9,582,583"
oop.debates_HOC2804_01,"5,12,245,447"
oop.debates_CDC3403_10,"1,9,23,24"
oop.debates_CDC3201_16,"1,9,491,521"
oop.debates_CDC2602_09,"1,9,231,341"
oop.debates_CDC1001_01,"1,9,249,250"
oop.debates_HOC2002_03,"5,12,302,604"
oop.debates_HOC3003_04,"5,12,349,603"
oop.debates_SOC0103_01,"1,2,5,6,7,60,130,172"
oop.debates_CDC2601_06,"1,9,231,232"
oop.debates_CDC2002_03,"1,9,504,683"
oop.debates_SDC2603,"1,2,360,677"
oop.debates_HOC2205,"5,12,247,392"
oop.debates_SOC2004_01,"5,6,277,433"
oop.debates_HOC1904_05,"5,12,337,559"
oop.debates_SDC1902,"1,2,449,490"
oop.debates_HOC2501_01,"5,12,386,387"
oop.debates_CDC2402_03,"1,9,251,391"
oop.debates_HOC0602_01,"5,12,17,162"
oop.debates_CDC2005_02,"1,9,504,666"
oop.debates_HOC1905,"5,12,337,495"
oop.debates_HOC2801_10,"5,12,245,246"
oop.debates_HOC3202_04,"5,12,333,638"
oop.debates_HOC1206_02,"5,12,370,515"
oop.debates_SOC1001,"5,6,297,542"
oop.debates_CDC0501,"1,9,54,187"
oop.debates_HOC1804_03,"5,12,288,289"
oop.debates_CDC2005_01,"1,9,504,666"
oop.debates_HOC1903_01,"5,12,337,507"
oop.debates_HOC3201_03,"5,12,333,334"
oop.debates_SOC1804_01,"5,6,548,596"
oop.debates_HOC2403,"5,12,310,577"
oop.debates_HOC2901_06,"5,12,476,565"
oop.debates_SOC0703_07,"5,6,39,126"
oop.debates_CDC3201_09,"1,9,491,521"
oop.debates_SOC1603_01,"5,6,485,634"
oop.debates_HOC1801_20,"5,12,288,562"
oop.debates_HOC3301_07,"5,12,358,692"
oop.debates_CDC3201_11,"1,9,491,521"
oop.debates_SOC0502_05,"5,6,99,100"
oop.debates_CDC1402_02,"1,9,241,649"
oop.debates_SOC0105,"5,6,7,8"
oop.debates_CDC0402_02,"1,9,44,154"
oop.debates_HOC0704_02,"5,12,70,107"
oop.debates_SDC1207,"1,2,279,432"
oop.debates_SDC0201,"1,2,87,201"
oop.debates_HOC1003,"5,12,273,431"
oop.debates_CDC0702_01,"1,9,58,124"
oop.debates_SDC2401_01,"1,2,235,694"
oop.debates_SDC1601,"1,2,254,445"
oop.debates_HOC1603_03,"5,12,343,500"
oop.debates_SOC3002_01,"5,6,290,642"
oop.debates_SOC1904,"5,6,239,592"
oop.debates_SOC1103,"5,6,636,689"
oop.debates_SOC1604_01,"5,6,485,657"
oop.debates_HOC3202_03,"5,12,333,638"
oop.debates_HOC3302_04,"5,12,358,359"
oop.debates_SOC1202,"5,6,243,318"
oop.debates_SDC1701,"1,2,410,651"
oop.debates_SDC2205,"1,2,313,682"
oop.debates_SDC2802_01,"1,2,269,580"
oop.debates_SDC0802_08,"1,2,3,91"
oop.debates_SOC2601,"5,6,227,319"
oop.debates_SOC1003,"5,6,297,317"
oop.debates_SDC1603_01,"1,2,254,534"
oop.debates_CDC2802,"1,9,380,381"
oop.debates_SDC2902_01,"1,2,483,484"
oop.debates_CDC3402_13,"1,9,23,28"
oop.debates_HOC3501_12,"5,12,93,94"
oop.debates_CDC2403,"1,9,251,647"
oop.debates_SDC3001_02,"1,2,315,316"
oop.debates_CDC2803_02,"1,9,380,502"
oop.debates_SDC1703_01,"1,2,410,617"
oop.debates_CDC0803_02,"1,9,96,152"
oop.debates_CDC1905_04,"1,9,347,598"
oop.debates_SDC0101,"1,2,60,61"
oop.debates_HOC1207,"5,12,370,600"
oop.debates_HOC1903_02,"5,12,337,507"
oop.debates_CDC2004_02,"1,9,504,575"
oop.debates_HOC2803,"5,12,245,624"
oop.debates_SDC1302,"1,2,454,614"
oop.debates_HOC2902_02,"5,12,476,477"
oop.debates_CDC3501,"1,9,206,211"
oop.debates_SDC1304_01,"1,2,454,543"
oop.debates_CDC0201,"1,9,115,176"
oop.debates_CDC2405_01,"1,9,251,252"
oop.debates_CDC3501_02,"1,9,206,211"
oop.debates_CDC1202_04,"1,9,308,623"
oop.debates_HOC3003_03,"5,12,349,603"
oop.debates_HOC1004_06,"5,12,273,608"
oop.debates_CDC0702_02,"1,9,58,124"
oop.debates_HOC0703_07,"5,12,70,71"
oop.debates_HOC1305_02,"5,12,229,635"
oop.debates_HOC1601_01,"5,12,343,517"
oop.debates_CDC0103,"1,9,41,188"
oop.debates_HOC1604_20,"5,12,343,444"
oop.debates_CDC2701_08,"1,9,284,320"
oop.debates_CDC3202,"1,9,491,492"
oop.debates_HOC2501_20,"5,12,386,387"
oop.debates_SOC0503_01,"5,6,99,184"
oop.debates_CDC2701_14,"1,9,284,320"
oop.debates_CDC3201_10,"1,9,491,521"
oop.debates_SOC2102_01,"5,6,271,539"
oop.debates_SOC0501_05,"5,6,99,177"
oop.debates_SOC0102_01,"1,2,5,6,7,60,138,158"
oop.debates_CDC0602,"1,9,67,68"
oop.debates_CDC1905_01,"1,9,347,598"
oop.debates_CDC2802_08,"1,9,380,381"
oop.debates_CDC1701,"1,9,286,326"
oop.debates_HOC2401,"5,12,310,311"
oop.debates_SOC2205_01,"5,6,266,367"
oop.debates_CDC1501_03,"1,9,582,583"
oop.debates_SDC0901_01,"1,2,56,79"
oop.debates_HOC1704,"5,12,261,675"
oop.debates_CDC1706,"1,9,286,287"
oop.debates_SOC1404_01,"5,6,463,520"
oop.debates_HOC3403_02,"5,12,15,16"
oop.debates_HOC1804,"5,12,288,289"
oop.debates_SOC3001,"5,6,290,291"
oop.debates_HOC2004_20,"5,12,302,589"
oop.debates_CDC0302,"1,9,10,11"
oop.debates_CDC2004_01,"1,9,504,575"
oop.debates_CDC1601_03,"1,9,351,352"
oop.debates_CDC2702_03,"1,9,284,285"
oop.debates_HOC2602_07,"5,12,295,518"
oop.debates_HOC1204,"5,12,370,556"
oop.debates_HOC1203_02,"5,12,370,435"
oop.debates_SOC3401_01,"5,6,29,36"
oop.debates_HOC3004,"5,12,349,350"
oop.debates_CDC2203_20,"1,9,356,357"
oop.debates_SOC0804_08,"5,6,34,166"
oop.debates_CDC3004_02,"1,9,396,519"
oop.debates_SDC3402,"1,2,193,226"
oop.debates_SOC1604,"5,6,485,657"
oop.debates_SOC3201,"5,6,510,659"
oop.debates_HOC1302_03,"5,12,229,307"
oop.debates_SOC2404,"5,6,407,658"
oop.debates_HOC3201_07,"5,12,333,334"
oop.debates_HOC1201_04,"5,12,370,413"
oop.debates_HOC3001_03,"5,12,349,362"
oop.debates_CDC0504,"1,9,54,179"
oop.debates_HOC1902_04,"5,12,337,379"
oop.debates_CDC1101_04,"1,9,365,627"
oop.debates_CDC1702_01,"1,9,286,456"
oop.debates_CDC1002_02,"1,9,249,335"
oop.debates_CDC3001_01,"1,9,396,397"
oop.debates_CDC1207_03,"1,9,308,629"
oop.debates_CDC1604_02,"1,9,351,547"
oop.debates_HOC3001_01,"5,12,349,362"
oop.debates_HOC2402_04,"5,12,310,481"
oop.debates_CDC2102_04,"1,9,299,489"
oop.debates_HOC0504,"5,12,19,20"
oop.debates_HOC0803,"5,12,21,22"
oop.debates_SOC3201_04,"5,6,510,659"
oop.debates_CDC1203_04,"1,9,308,622"
oop.debates_HOC3402_14,"5,12,15,159"
oop.debates_CDC3402_07,"1,9,23,28"
oop.debates_SOC1403_01,"5,6,463,513"
oop.debates_CDC2602_02,"1,9,231,341"
oop.debates_HOC3501_11,"5,12,93,94"
oop.debates_CDC3002_02,"1,9,396,493"
oop.debates_CDC1404_05,"1,9,241,584"
oop.debates_CDC2802_02,"1,9,380,381"
oop.debates_SDC2802,"1,2,269,580"
oop.debates_SDC3403_04,"1,2,193,221"
oop.debates_HOC3501_03,"5,12,93,94"
oop.debates_SDC2405,"1,2,235,690"
oop.debates_CDC2401,"1,9,251,632"
oop.debates_SOC1702,"5,6,354,633"
oop.debates_CDC2203,"1,9,356,357"
oop.debates_SDC2003,"1,2,424,536"
oop.debates_HOC2801_06,"5,12,245,246"
oop.debates_HOC1703_02,"5,12,261,668"
oop.debates_CDC2106_01,"1,9,299,526"
oop.debates_CDC0804_01,"1,9,96,199"
oop.debates_CDC2402_04,"1,9,251,391"
oop.debates_HOC0903_06,"5,12,117,209"
oop.debates_HOC2803_02,"5,12,245,624"
oop.debates_CDC2102,"1,9,299,489"
oop.debates_CDC2803_10,"1,9,380,502"
oop.debates_CDC3201_19,"1,9,491,521"
oop.debates_HOC2107_20,"5,12,327,328"
oop.debates_CDC1402_04,"1,9,241,649"
oop.debates_CDC2004_20,"1,9,504,575"
oop.debates_HOC2901_20,"5,12,476,565"
oop.debates_CDC1002_03,"1,9,249,335"
oop.debates_SOC3201_01,"5,6,510,659"
oop.debates_HOC1804_20,"5,12,288,289"
oop.debates_SOC3301_02,"5,6,439,607"
oop.debates_HOC2107_03,"5,12,327,328"
oop.debates_HOC2702_02,"5,12,384,385"
oop.debates_CDC3402_10,"1,9,23,28"
oop.debates_HOC1203,"5,12,370,435"
oop.debates_SDC2404_01,"1,2,235,236"
oop.debates_SOC2902,"5,6,441,442"
oop.debates_HOC1102_20,"5,12,458,679"
oop.debates_HOC1706,"5,12,261,570"
oop.debates_CDC2602_03,"1,9,231,341"
oop.debates_CDC3302_11,"1,9,609,610"
oop.debates_CDC1103_03,"1,9,365,366"
oop.debates_CDC3101_02,"1,9,552,553"
oop.debates_CDC3001_10,"1,9,396,397"
oop.debates_CDC3003_20,"1,9,396,535"
oop.debates_HOC2107_01,"5,12,327,328"
oop.debates_SDC2602_01,"1,2,360,688"
oop.debates_CDC2901_05,"1,9,275,276"
oop.debates_HOC1402_03,"5,12,256,579"
oop.debates_CDC2107_01,"1,9,299,612"
oop.debates_CDC2803_07,"1,9,380,502"
oop.debates_CDC3403_07,"1,9,23,24"
oop.debates_CDC3201_20,"1,9,491,521"
oop.debates_CDC2804_03,"1,9,380,465"
oop.debates_HOC3402_03,"5,12,15,159"
oop.debates_SOC0501,"5,6,99,177"
oop.debates_CDC2801_03,"1,9,380,428"
oop.debates_SOC2002_01,"5,6,277,278"
oop.debates_CDC3201_17,"1,9,491,521"
oop.debates_CDC3301_05,"1,9,609,663"
oop.debates_CDC3403_15,"1,9,23,24"
oop.debates_HOC0401,"5,12,25,26"
oop.debates_SOC1206_01,"5,6,243,244"
oop.debates_SOC2803_02,"5,6,292,561"
oop.debates_CDC1202_05,"1,9,308,623"
oop.debates_SDC2803_01,"1,2,269,516"
oop.debates_HOC3004_20,"5,12,349,350"
oop.debates_CDC2002_01,"1,9,504,683"
oop.debates_HOC3001_14,"5,12,349,362"
oop.debates_SDC3002,"1,2,315,530"
oop.debates_SOC0305_03,"5,6,49,50"
oop.debates_CDC2404_05,"1,9,251,678"
oop.debates_SOC2404_01,"5,6,407,658"
oop.debates_SDC2101,"1,2,368,426"
oop.debates_HOC1903_03,"5,12,337,507"
oop.debates_CDC1905_03,"1,9,347,598"
oop.debates_SDC1003,"1,2,422,480"
oop.debates_CDC3002_08,"1,9,396,493"
oop.debates_SOC3201_02,"5,6,510,659"
oop.debates_HOC2101_02,"5,12,327,340"
oop.debates_CDC2003_01,"1,9,504,505"
oop.debates_HOC2004_05,"5,12,302,589"
oop.debates_CDC2004,"1,9,504,575"
oop.debates_CDC2202_06,"1,9,356,541"
oop.debates_HOC0702_01,"5,12,70,146"
oop.debates_HOC3001_09,"5,12,349,362"
oop.debates_HOC1806_02,"5,12,337,496"
oop.debates_CDC1203_05,"1,9,308,622"
oop.debates_CDC2701_05,"1,9,284,320"
oop.debates_CDC0805_03,"1,9,96,97"
oop.debates_CDC3004_03,"1,9,396,519"
oop.debates_CDC1902_03,"1,9,347,669"
oop.debates_HOC3002_08,"5,12,349,576"
oop.debates_CDC2205_03,"1,9,356,646"
oop.debates_HOC3004_01,"5,12,349,350"
oop.debates_HOC2002_05,"5,12,302,604"
oop.debates_SOC0503,"5,6,99,184"
oop.debates_SOC2402_01,"5,6,407,408"
oop.debates_HOC3403_10,"5,12,15,16"
oop.debates_HOC2102_03,"5,12,327,631"
oop.debates_CDC3001_20,"1,9,396,397"
oop.debates_CDC2602_07,"1,9,231,341"
oop.debates_CDC3501_13,"1,9,206,211"
oop.debates_CDC1002_04,"1,9,249,335"
oop.debates_SOC3403_03,"5,6,29,214"
oop.debates_CDC3201_22,"1,9,491,521"
oop.debates_CDC0701_02,"1,9,58,186"
oop.debates_CDC2201_04,"1,9,356,473"
oop.debates_SDC1904,"1,2,449,503"
oop.debates_CDC1401_02,"1,9,241,532"
oop.debates_SOC0903_01,"5,6,32,33"
oop.debates_CDC2802_05,"1,9,380,381"
oop.debates_CDC1401_03,"1,9,241,532"
oop.debates_HOC3001_20,"5,12,349,362"
oop.debates_CDC3501_06,"1,9,206,211"
oop.debates_CDC2602_10,"1,9,231,341"
oop.debates_HOC3302_09,"5,12,358,359"
oop.debates_CDC1305_03,"1,9,372,524"
oop.debates_SOC1203_01,"5,6,243,560"
oop.debates_HOC3202_01,"5,12,333,638"
oop.debates_SDC2401,"1,2,235,694"
oop.debates_SOC1703,"5,6,354,512"
oop.debates_HOC2901_08,"5,12,476,565"
oop.debates_SDC2003_01,"1,2,424,536"
oop.debates_CDC2902_01,"1,9,275,597"
oop.debates_HOC1403_20,"5,12,256,257"
oop.debates_HOC2005_01,"5,12,302,660"
oop.debates_HOC1206_04,"5,12,370,515"
oop.debates_HOC1403_02,"5,12,256,257"
oop.debates_CDC3201_07,"1,9,491,521"
oop.debates_HOC2602_11,"5,12,295,518"
oop.debates_CDC0904_04,"1,9,144,156"
oop.debates_CDC2803_09,"1,9,380,502"
oop.debates_SOC0402,"5,6,73,74"
oop.debates_CDC1803_04,"1,9,237,448"
oop.debates_HOC2401_01,"5,12,310,311"
oop.debates_HOC1706_20,"5,12,261,570"
oop.debates_CDC3501_04,"1,9,206,211"
oop.debates_CDC0706_02,"1,9,58,173"
oop.debates_CDC3002_20,"1,9,396,493"
oop.debates_SDC2202,"1,2,313,578"
oop.debates_SDC1706,"1,2,410,533"
oop.debates_HOC1402_02,"5,12,256,579"
oop.debates_SDC1001_01,"1,2,422,648"
oop.debates_CDC3301_01,"1,9,609,663"
oop.debates_SOC0301,"5,6,49,181"
oop.debates_HOC2105,"5,12,327,416"
oop.debates_HOC2106,"5,12,327,336"
oop.debates_HOC2003_02,"5,12,302,383"
oop.debates_HOC1904_03,"5,12,337,559"
oop.debates_HOC1001,"5,12,273,377"
oop.debates_HOC0101,"5,12,51,85"
oop.debates_SOC2401,"5,6,407,621"
oop.debates_CDC2203_06,"1,9,356,357"
oop.debates_HOC2602_03,"5,12,295,518"
oop.debates_CDC1704_04,"1,9,286,662"
oop.debates_HOC3302_14,"5,12,358,359"
oop.debates_HOC2601,"5,12,295,296"
oop.debates_SOC1905_01,"5,6,239,240"
oop.debates_HOC0303,"5,12,13,149"
oop.debates_CDC0504_01,"1,9,54,179"
oop.debates_HOC2803_04,"5,12,245,624"
oop.debates_SOC1301_01,"5,6,233,234"
oop.debates_SDC2701_02,"1,2,586,587"
oop.debates_CDC1305_02,"1,9,372,524"
oop.debates_HOC1302,"5,12,229,307"
oop.debates_HOC3403,"5,12,15,16"
oop.debates_CDC1207,"1,9,308,629"
oop.debates_HOC1905_01,"5,12,337,495"
oop.debates_HOC2603_20,"5,12,295,339"
oop.debates_HOC1103,"5,12,458,522"
oop.debates_SOC1201,"5,6,243,630"
oop.debates_SDC1404,"1,2,281,568"
oop.debates_HOC2801_01,"5,12,245,246"
oop.debates_CDC3002_06,"1,9,396,493"
oop.debates_SDC2103,"1,2,368,398"
oop.debates_SOC0103,"1,2,5,6,7,60,130,172"
oop.debates_HOC2803_07,"5,12,245,624"
oop.debates_HOC3004_02,"5,12,349,350"
oop.debates_CDC3001_07,"1,9,396,397"
oop.debates_SDC3302_01,"1,2,404,405"
oop.debates_SDC1801,"1,2,305,306"
oop.debates_CDC1801_04,"1,9,237,353"
oop.debates_HOC2403_01,"5,12,310,577"
oop.debates_HOC3003_01,"5,12,349,603"
oop.debates_SDC0202,"1,2,87,88"
oop.debates_HOC1806_03,"5,12,337,496"
oop.debates_CDC2107_20,"1,9,299,612"
oop.debates_CDC3201_01,"1,9,491,521"
oop.debates_HOC2403_02,"5,12,310,577"
oop.debates_HOC1202,"5,12,370,498"
oop.debates_SOC0503_02,"5,6,99,184"
oop.debates_CDC1207_06,"1,9,308,629"
oop.debates_CDC0105,"1,9,41,42"
oop.debates_SDC1903_01,"1,2,449,450"
oop.debates_HOC3403_16,"5,12,15,16"
oop.debates_SOC1402,"5,6,463,545"
oop.debates_SOC2001,"5,6,277,546"
oop.debates_HOC1101_03,"5,12,458,459"
oop.debates_CDC0104_01,"1,9,41,110"
oop.debates_HOC0902,"5,12,117,118"
oop.debates_CDC0202,"1,9,115,116"
oop.debates_CDC2201_01,"1,9,356,473"
oop.debates_HOC1304_02,"5,12,229,551"
oop.debates_CDC2001_03,"1,9,504,664"
oop.debates_HOC0904_05,"5,12,117,218"
oop.debates_CDC2005,"1,9,504,666"
oop.debates_CDC2107_05,"1,9,299,612"
oop.debates_HOC3302_11,"5,12,358,359"
oop.debates_SDC3403,"1,2,193,221"
oop.debates_HOC2001_20,"5,12,302,303"
oop.debates_CDC1705_02,"1,9,286,427"
oop.debates_CDC2403_06,"1,9,251,647"
oop.debates_HOC1404,"5,12,256,332"
oop.debates_HOC2002_02,"5,12,302,604"
oop.debates_CDC2402_01,"1,9,251,391"
oop.debates_CDC0904_20,"1,9,144,156"
oop.debates_CDC2602_08,"1,9,231,341"
oop.debates_SDC3501_01,"1,2,204,215"
oop.debates_SOC1202_01,"5,6,243,318"
oop.debates_SDC3402_05,"1,2,193,226"
oop.debates_HOC0303_03,"5,12,13,149"
oop.debates_CDC1401,"1,9,241,532"
oop.debates_SOC0604_06,"5,6,37,89"
oop.debates_HOC0702_02,"5,12,70,146"
oop.debates_CDC3002_03,"1,9,396,493"
oop.debates_HOC2001_02,"5,12,302,303"
oop.debates_SDC1802_01,"1,2,305,451"
oop.debates_SDC1501_01,"1,2,680,681"
oop.debates_HOC0603_02,"5,12,17,95"
oop.debates_HOC1705_03,"5,12,261,262"
oop.debates_CDC3003_05,"1,9,396,535"
oop.debates_HOC3003_20,"5,12,349,603"
oop.debates_HOC0101_01,"5,12,51,85"
oop.debates_HOC0402_02,"5,12,25,82"
oop.debates_HOC2803_09,"5,12,245,624"
oop.debates_HOC1305_04,"5,12,229,635"
oop.debates_HOC1305_05,"5,12,229,635"
oop.debates_CDC1705_01,"1,9,286,427"
oop.debates_CDC3403_11,"1,9,23,24"
oop.debates_CDC1904_05,"1,9,347,393"
oop.debates_HOC3403_08,"5,12,15,16"
oop.debates_HOC1903_04,"5,12,337,507"
oop.debates_HOC3002_06,"5,12,349,576"
oop.debates_HOC1206_03,"5,12,370,515"
oop.debates_SOC1906,"5,6,239,514"
oop.debates_SOC3402_05,"5,6,29,30"
oop.debates_SOC0404_04,"5,6,73,151"
oop.debates_SDC2801_02,"1,2,269,684"
oop.debates_CDC0305_01,"1,9,10,76"
oop.debates_HOC2602_12,"5,12,295,518"
oop.debates_CDC2106_03,"1,9,299,526"
oop.debates_HOC0901_02,"5,12,117,180"
oop.debates_SOC3401,"5,6,29,36"
oop.debates_SDC3202,"1,2,264,312"
oop.debates_HOC2104_20,"5,12,327,605"
oop.debates_CDC2404_07,"1,9,251,678"
oop.debates_HOC3302_01,"5,12,358,359"
oop.debates_SDC1705,"1,2,410,457"
oop.debates_SOC1701_01,"5,6,354,537"
oop.debates_CDC2802_04,"1,9,380,381"
oop.debates_SOC1103_01,"5,6,636,689"
oop.debates_CDC0903_04,"1,9,144,220"
oop.debates_CDC3501_20,"1,9,206,211"
oop.debates_HOC1801_01,"5,12,288,562"
oop.debates_SOC0904_01,"5,6,32,224"
oop.debates_CDC1903_20,"1,9,347,531"
oop.debates_CDC1703_03,"1,9,286,581"
oop.debates_CDC1001_02,"1,9,249,250"
oop.debates_CDC0102,"1,9,41,157"
oop.debates_HOC1603,"5,12,343,500"
oop.debates_CDC2801_01,"1,9,380,428"
oop.debates_HOC3403_12,"5,12,15,16"
oop.debates_CDC2501,"1,9,685,686"
oop.debates_SDC0301_01,"1,2,65,163"
oop.debates_HOC2001,"5,12,302,303"
oop.debates_CDC3403_05,"1,9,23,24"
oop.debates_HOC1904_01,"5,12,337,559"
oop.debates_CDC1805,"1,9,237,418"
oop.debates_SOC3101,"5,6,419,420"
oop.debates_CDC2803_01,"1,9,380,502"
oop.debates_SOC1205_01,"5,6,243,304"
oop.debates_SDC2106,"1,2,368,399"
oop.debates_CDC0302_03,"1,9,10,11"
oop.debates_HOC0706_02,"5,12,70,191"
oop.debates_CDC0902_01,"1,9,144,145"
oop.debates_HOC2602_10,"5,12,295,518"
oop.debates_CDC2602_11,"1,9,231,341"
oop.debates_SOC0604,"5,6,37,89"
oop.debates_CDC2003_20,"1,9,504,505"
oop.debates_CDC3003_02,"1,9,396,535"
oop.debates_HOC0302_03,"5,12,13,14"
oop.debates_CDC2102_20,"1,9,299,489"
oop.debates_HOC0103_01,"5,12,51,52"
oop.debates_SDC3004,"1,2,315,670"
oop.debates_SOC0701,"5,6,39,53"
oop.debates_SDC1805_01,"1,2,305,430"
oop.debates_CDC1205_01,"1,9,308,501"
oop.debates_CDC0101,"1,9,41,111"
oop.debates_CDC1601,"1,9,351,352"
oop.debates_HOC1703_20,"5,12,261,668"
oop.debates_HOC2702,"5,12,384,385"
oop.debates_CDC3004_20,"1,9,396,519"
oop.debates_CDC1902_20,"1,9,347,669"
oop.debates_HOC3001_02,"5,12,349,362"
oop.debates_CDC0304_03,"1,9,10,183"
oop.debates_CDC1404,"1,9,241,584"
oop.debates_HOC2602_09,"5,12,295,518"
oop.debates_SOC1501_01,"5,6,571,572"
oop.debates_SDC2203_01,"1,2,313,314"
oop.debates_SDC2004_01,"1,2,424,475"
oop.debates_HOC2301,"5,12,487,488"
oop.debates_HOC2205_02,"5,12,247,392"
oop.debates_SDC3302_04,"1,2,404,405"
oop.debates_SOC0705,"5,6,39,171"
oop.debates_SDC2301,"1,2,259,260"
oop.debates_CDC3001_02,"1,9,396,397"
oop.debates_SDC2803_02,"1,2,269,516"
oop.debates_HOC1402_05,"5,12,256,579"
oop.debates_CDC2901_08,"1,9,275,276"
oop.debates_CDC1102_01,"1,9,365,528"
oop.debates_SOC2802_01,"5,6,292,294"
oop.debates_HOC2701_07,"5,12,384,508"
oop.debates_SDC1103,"1,2,389,390"
oop.debates_HOC1401_04,"5,12,256,590"
oop.debates_HOC3402_11,"5,12,15,159"
oop.debates_SDC2005_01,"1,2,424,425"
oop.debates_HOC0401_02,"5,12,25,26"
oop.debates_SDC0301,"1,2,65,163"
oop.debates_SDC1803,"1,2,305,388"
oop.debates_HOC3201_24,"5,12,333,334"
oop.debates_SOC3402_04,"5,6,29,30"
oop.debates_HOC2301_03,"5,12,487,488"
oop.debates_HOC3003_02,"5,12,349,603"
oop.debates_SDC1403,"1,2,281,446"
oop.debates_SDC2106_01,"1,2,368,399"
oop.debates_HOC3402_07,"5,12,15,159"
oop.debates_CDC2702,"1,9,284,285"
oop.debates_HOC1305_01,"5,12,229,635"
oop.debates_HOC3003_06,"5,12,349,603"
oop.debates_HOC2801_02,"5,12,245,246"
oop.debates_HOC0706_01,"5,12,70,191"
oop.debates_HOC2801_09,"5,12,245,246"
oop.debates_HOC2203,"5,12,247,268"
oop.debates_HOC2104_03,"5,12,327,605"
oop.debates_CDC3402_06,"1,9,23,28"
oop.debates_CDC1103_02,"1,9,365,366"
oop.debates_SOC2301,"5,6,671,672"
oop.debates_HOC1704_20,"5,12,261,675"
oop.debates_CDC3302_13,"1,9,609,610"
oop.debates_CDC2001_20,"1,9,504,664"
oop.debates_CDC2601_02,"1,9,231,232"
oop.debates_HOC3001_05,"5,12,349,362"
oop.debates_CDC0804_02,"1,9,96,199"
oop.debates_CDC1705_20,"1,9,286,427"
oop.debates_SDC2603_01,"1,2,360,677"
oop.debates_HOC1102_02,"5,12,458,679"
oop.debates_SDC1604,"1,2,254,643"
oop.debates_HOC1604,"5,12,343,444"
oop.debates_CDC1602_01,"1,9,351,363"
oop.debates_CDC3201_04,"1,9,491,521"
oop.debates_CDC3301_04,"1,9,609,663"
oop.debates_HOC3403_07,"5,12,15,16"
oop.debates_SDC1602,"1,2,254,255"
oop.debates_HOC0903_05,"5,12,117,209"
oop.debates_CDC3402,"1,9,23,28"
oop.debates_CDC2701_13,"1,9,284,320"
oop.debates_HOC2702_06,"5,12,384,385"
oop.debates_HOC1401_03,"5,12,256,590"
oop.debates_SDC2601,"1,2,360,361"
oop.debates_HOC2202_01,"5,12,247,263"
oop.debates_SDC2901_01,"1,2,483,645"
oop.debates_CDC2701_03,"1,9,284,320"
oop.debates_SOC3501_03,"5,6,222,225"
oop.debates_SOC0706,"5,6,39,40"
oop.debates_SDC2103_01,"1,2,368,398"
oop.debates_HOC2004_03,"5,12,302,589"
oop.debates_HOC2404_01,"5,12,310,602"
oop.debates_HOC3001_08,"5,12,349,362"
oop.debates_HOC0102_01,"5,12,51,192"
oop.debates_SDC2602,"1,2,360,688"
oop.debates_HOC2603_03,"5,12,295,339"
oop.debates_SOC1901,"5,6,239,253"
oop.debates_HOC3201_10,"5,12,333,334"
oop.debates_HOC2201_05,"5,12,247,601"
oop.debates_HOC2003_05,"5,12,302,383"
oop.debates_SOC2501_01,"5,6,394,395"
oop.debates_HOC0104,"5,12,51,109"
oop.debates_SOC1802,"5,6,548,676"
oop.debates_CDC2003_06,"1,9,504,505"
oop.debates_SDC0903_02,"1,2,56,216"
oop.debates_SOC1004,"5,6,297,594"
oop.debates_SDC1803_01,"1,2,305,388"
oop.debates_CDC2001_01,"1,9,504,664"
oop.debates_HOC1902_02,"5,12,337,379"
oop.debates_SDC2901,"1,2,483,645"
oop.debates_HOC1905_04,"5,12,337,495"
oop.debates_CDC0706_01,"1,9,58,173"
oop.debates_HOC3201_21,"5,12,333,334"
oop.debates_SOC3501_02,"5,6,222,225"
oop.debates_HOC0604_01,"5,12,17,18"
oop.debates_CDC0804_03,"1,9,96,199"
oop.debates_SOC3201_05,"5,6,510,659"
oop.debates_CDC2102_01,"1,9,299,489"
oop.debates_HOC2401_04,"5,12,310,311"
oop.debates_HOC1403_03,"5,12,256,257"
oop.debates_CDC3403_01,"1,9,23,24"
oop.debates_SDC1701_19,"1,2,410,651"
oop.debates_CDC0904,"1,9,144,156"
oop.debates_CDC1102_20,"1,9,365,528"
oop.debates_HOC1802_02,"5,12,288,564"
oop.debates_HOC3001_13,"5,12,349,362"
oop.debates_HOC1803_20,"5,12,288,452"
oop.debates_CDC1904_03,"1,9,347,393"
oop.debates_SOC2802,"5,6,292,294"
oop.debates_SDC3501_03,"1,2,204,215"
oop.debates_SOC0401_04,"5,6,73,203"
oop.debates_HOC1704_05,"5,12,261,675"
oop.debates_CDC3202_04,"1,9,491,492"
oop.debates_HOC3202_20,"5,12,333,638"
oop.debates_HOC2404_03,"5,12,310,602"
oop.debates_SDC1206_01,"1,2,279,497"
oop.debates_CDC1206_01,"1,9,308,406"
oop.debates_CDC3403_12,"1,9,23,24"
oop.debates_CDC3403_03,"1,9,23,24"
oop.debates_CDC3202_20,"1,9,491,492"
oop.debates_CDC0503_03,"1,9,54,148"
oop.debates_HOC0603_01,"5,12,17,95"
oop.debates_SOC0801_08,"5,6,34,35"
oop.debates_CDC2004_04,"1,9,504,575"
oop.debates_HOC2702_01,"5,12,384,385"
oop.debates_SDC1002,"1,2,422,527"
oop.debates_SOC2901_01,"5,6,441,478"
oop.debates_CDC2701_20,"1,9,284,320"
oop.debates_HOC0503_02,"5,12,19,31"
oop.debates_CDC1903_03,"1,9,347,531"
oop.debates_CDC1101_03,"1,9,365,627"
oop.debates_SOC3403,"5,6,29,214"
oop.debates_CDC0403,"1,9,44,198"
oop.debates_SDC1806,"1,2,305,429"
oop.debates_CDC1903_05,"1,9,347,531"
oop.debates_SDC1906_01,"1,2,449,574"
oop.debates_SOC1903,"5,6,239,437"
oop.debates_CDC1206_02,"1,9,308,406"
oop.debates_HOC1002_03,"5,12,273,274"
oop.debates_HOC3402_12,"5,12,15,159"
oop.debates_HOC2004,"5,12,302,589"
oop.debates_CDC2701_09,"1,9,284,320"
oop.debates_HOC3501_05,"5,12,93,94"
oop.debates_HOC2203_02,"5,12,247,268"
oop.debates_SOC3201_20,"5,6,510,659"
oop.debates_SDC1801_01,"1,2,305,306"
oop.debates_CDC1802_01,"1,9,237,482"
oop.debates_CDC1706_03,"1,9,286,287"
oop.debates_HOC2001_03,"5,12,302,303"
oop.debates_HOC1702_03,"5,12,261,653"
oop.debates_CDC2404_01,"1,9,251,678"
oop.debates_CDC2202_01,"1,9,356,541"
oop.debates_CDC2901_01,"1,9,275,276"
oop.debates_SDC2403_01,"1,2,235,331"
oop.debates_HOC1402_01,"5,12,256,579"
oop.debates_HOC2402,"5,12,310,481"
oop.debates_SOC1802_01,"5,6,548,676"
oop.debates_HOC2802_03,"5,12,245,585"
oop.debates_HOC2702_04,"5,12,384,385"
oop.debates_CDC1207_04,"1,9,308,629"
oop.debates_CDC3202_01,"1,9,491,492"
oop.debates_HOC1101_02,"5,12,458,459"
oop.debates_CDC0503,"1,9,54,148"
oop.debates_HOC1801_02,"5,12,288,562"
oop.debates_CDC1702_02,"1,9,286,456"
oop.debates_HOC0302,"5,12,13,14"
oop.debates_CDC2101_20,"1,9,299,469"
oop.debates_HOC0603,"5,12,17,95"
oop.debates_HOC2801_20,"5,12,245,246"
oop.debates_HOC1207_06,"5,12,370,600"
oop.debates_CDC2106_20,"1,9,299,526"
oop.debates_SDC1403_01,"1,2,281,446"
oop.debates_SDC0902_01,"1,2,56,210"
oop.debates_CDC3001_05,"1,9,396,397"
oop.debates_SOC1601_01,"5,6,485,486"
oop.debates_SOC2602,"5,6,227,523"
oop.debates_HOC3101_02,"5,12,554,555"
oop.debates_CDC2004_06,"1,9,504,575"
oop.debates_HOC1902_20,"5,12,337,379"
oop.debates_SOC1705_01,"5,6,354,618"
oop.debates_CDC1203_01,"1,9,308,622"
oop.debates_HOC0701_03,"5,12,70,135"
oop.debates_HOC3402_02,"5,12,15,159"
oop.debates_SDC1305_01,"1,2,454,466"
oop.debates_SOC3302_04,"5,6,439,440"
oop.debates_HOC3201_06,"5,12,333,334"
oop.debates_HOC0403_01,"5,12,25,103"
oop.debates_SDC1906,"1,2,449,574"
oop.debates_HOC1706_01,"5,12,261,570"
oop.debates_SDC0804_08,"1,2,3,142"
oop.debates_SOC0601,"5,6,37,72"
oop.debates_SOC1804,"5,6,548,596"
oop.debates_CDC2203_01,"1,9,356,357"
oop.debates_HOC2404_08,"5,12,310,602"
oop.debates_SOC0904,"5,6,32,224"
oop.debates_SDC1203,"1,2,279,376"
oop.debates_CDC3302_06,"1,9,609,610"
oop.debates_SDC1301_01,"1,2,454,455"
oop.debates_HOC3403_01,"5,12,15,16"
oop.debates_CDC0503_04,"1,9,54,148"
oop.debates_CDC0503_01,"1,9,54,148"
oop.debates_HOC2901_04,"5,12,476,565"
oop.debates_SOC0802_08,"5,6,34,43"
oop.debates_CDC2003_03,"1,9,504,505"
oop.debates_HOC3001_07,"5,12,349,362"
oop.debates_HOC1001_01,"5,12,273,377"
oop.debates_SOC0101_01,"5,6,7,200"
oop.debates_CDC1103_20,"1,9,365,366"
oop.debates_HOC2404_05,"5,12,310,602"
oop.debates_CDC2404_06,"1,9,251,678"
oop.debates_HOC0903,"5,12,117,209"
oop.debates_HOC2003_03,"5,12,302,383"
oop.debates_CDC1103_04,"1,9,365,366"
oop.debates_HOC0502,"5,12,19,141"
oop.debates_CDC2801_08,"1,9,380,428"
oop.debates_HOC2701_13,"5,12,384,508"
oop.debates_HOC2603_01,"5,12,295,339"
oop.debates_HOC2403_05,"5,12,310,577"
oop.debates_HOC3003_05,"5,12,349,603"
oop.debates_CDC0705_02,"1,9,58,59"
oop.debates_SDC1706_01,"1,2,410,533"
oop.debates_CDC1803_01,"1,9,237,448"
oop.debates_SOC1302,"5,6,233,654"
oop.debates_HOC1702,"5,12,261,653"
oop.debates_CDC1001_20,"1,9,249,250"
oop.debates_SOC0603_06,"5,6,37,170"
oop.debates_CDC3201_99,"1,9,491,521"
oop.debates_CDC1002,"1,9,249,335"
oop.debates_HOC2106_04,"5,12,327,336"
oop.debates_HOC3002_01,"5,12,349,576"
oop.debates_SDC1305,"1,2,454,466"
oop.debates_HOC0201,"5,12,80,81"
oop.debates_HOC0402,"5,12,25,82"
oop.debates_CDC1801_20,"1,9,237,353"
oop.debates_CDC1603,"1,9,351,563"
oop.debates_CDC3403_17,"1,9,23,24"
oop.debates_HOC1003_01,"5,12,273,431"
oop.debates_SDC2804,"1,2,269,270"
oop.debates_CDC1904,"1,9,347,393"
oop.debates_HOC2002,"5,12,302,604"
oop.debates_CDC1803_20,"1,9,237,448"
oop.debates_CDC0904_02,"1,9,144,156"
oop.debates_HOC1001_02,"5,12,273,377"
oop.debates_HOC2702_20,"5,12,384,385"
oop.debates_CDC1201_01,"1,9,308,309"
oop.debates_CDC2107,"1,9,299,612"
oop.debates_CDC3201,"1,9,491,521"
oop.debates_CDC2803,"1,9,380,502"
oop.debates_SOC2201_01,"5,6,266,591"
oop.debates_HOC2402_20,"5,12,310,481"
oop.debates_HOC2802_05,"5,12,245,585"
oop.debates_CDC1103,"1,9,365,366"
oop.debates_SDC2104,"1,2,368,479"
oop.debates_HOC2404_20,"5,12,310,602"
oop.debates_CDC3403_13,"1,9,23,24"
oop.debates_HOC1204_01,"5,12,370,556"
oop.debates_SDC2004_20,"1,2,424,475"
oop.debates_CDC1803,"1,9,237,448"
oop.debates_CDC0703,"1,9,58,132"
oop.debates_HOC2102_04,"5,12,327,631"
oop.debates_CDC0903_02,"1,9,144,220"
oop.debates_HOC2901_01,"5,12,476,565"
oop.debates_SOC0702_07,"5,6,39,106"
oop.debates_CDC2402,"1,9,251,391"
oop.debates_HOC3002_05,"5,12,349,576"
oop.debates_CDC3402_15,"1,9,23,28"
oop.debates_CDC2701,"1,9,284,320"
oop.debates_SDC2002_01,"1,2,424,588"
oop.debates_HOC1203_04,"5,12,370,435"
oop.debates_CDC2104_02,"1,9,299,650"
oop.debates_HOC1401_01,"5,12,256,590"
oop.debates_HOC2602,"5,12,295,518"
oop.debates_HOC1303,"5,12,229,230"
oop.debates_CDC3501_08,"1,9,206,211"
oop.debates_SOC1102_01,"5,6,636,637"
oop.debates_HOC3501,"5,12,93,94"
oop.debates_HOC1706_03,"5,12,261,570"
oop.debates_HOC0501_02,"5,12,19,178"
oop.debates_CDC1305,"1,9,372,524"
oop.debates_HOC3101,"5,12,554,555"
oop.debates_HOC1706_04,"5,12,261,570"
oop.debates_HOC1304_03,"5,12,229,551"
oop.debates_HOC1003_20,"5,12,273,431"
oop.debates_HOC1801_04,"5,12,288,562"
oop.debates_HOC1004_02,"5,12,273,608"
oop.debates_SOC2203_01,"5,6,266,267"
oop.debates_CDC2701_06,"1,9,284,320"
oop.debates_CDC2804,"1,9,380,465"
oop.debates_HOC2003_01,"5,12,302,383"
oop.debates_CDC2201_02,"1,9,356,473"
oop.debates_CDC3501_05,"1,9,206,211"
oop.debates_HOC3402_06,"5,12,15,159"
oop.debates_CDC1704_02,"1,9,286,662"
oop.debates_SOC3302_03,"5,6,439,440"
oop.debates_HOC0804_01,"5,12,21,98"
oop.debates_SOC3403_02,"5,6,29,214"
oop.debates_SOC2901_02,"5,6,441,478"
oop.debates_SDC3004_01,"1,2,315,670"
oop.debates_HOC1601_02,"5,12,343,517"
oop.debates_SDC3402_02,"1,2,193,226"
oop.debates_HOC2803_20,"5,12,245,624"
oop.debates_CDC0904_06,"1,9,144,156"
oop.debates_SDC0805,"1,2,3,143"
oop.debates_HOC3402_05,"5,12,15,159"
oop.debates_HOC2803_08,"5,12,245,624"
oop.debates_CDC1704_01,"1,9,286,662"
oop.debates_CDC3003_06,"1,9,396,535"
oop.debates_HOC2204,"5,12,247,248"
oop.debates_CDC0202_01,"1,9,115,116"
oop.debates_SDC2702_01,"1,2,586,611"
oop.debates_HOC2602_04,"5,12,295,518"
oop.debates_CDC3001_09,"1,9,396,397"
oop.debates_CDC1905_20,"1,9,347,598"
oop.debates_SDC1601_01,"1,2,254,445"
oop.debates_CDC2205_02,"1,9,356,646"
oop.debates_HOC3201_18,"5,12,333,334"
oop.debates_HOC2602_01,"5,12,295,518"
oop.debates_SOC3001_01,"5,6,290,291"
oop.debates_SOC2405,"5,6,407,628"
oop.debates_CDC0903_06,"1,9,144,220"
oop.debates_HOC2203_20,"5,12,247,268"
oop.debates_HOC1207_03,"5,12,370,600"
oop.debates_CDC2404_02,"1,9,251,678"
oop.debates_CDC0701_01,"1,9,58,186"
oop.debates_HOC2106_01,"5,12,327,336"
oop.debates_HOC2105_01,"5,12,327,416"
oop.debates_SDC3302_03,"1,2,404,405"
oop.debates_SDC3001_01,"1,2,315,316"
oop.debates_CDC1201_03,"1,9,308,309"
oop.debates_HOC3201_19,"5,12,333,334"
oop.debates_SDC1004_01,"1,2,422,423"
oop.debates_HOC1801_03,"5,12,288,562"
oop.debates_CDC1402_03,"1,9,241,649"
oop.debates_CDC2403_03,"1,9,251,647"
oop.debates_CDC3402_01,"1,9,23,28"
oop.debates_CDC1201,"1,9,308,309"
oop.debates_CDC1305_01,"1,9,372,524"
oop.debates_CDC2801_06,"1,9,380,428"
oop.debates_SDC3202_01,"1,2,264,312"
oop.debates_HOC1404_02,"5,12,256,332"
oop.debates_HOC3202_02,"5,12,333,638"
oop.debates_CDC0805_02,"1,9,96,97"
oop.debates_CDC3302_07,"1,9,609,610"
oop.debates_SDC1402_01,"1,2,281,301"
oop.debates_HOC2202_02,"5,12,247,263"
oop.debates_HOC3403_14,"5,12,15,16"
oop.debates_CDC2601_04,"1,9,231,232"
oop.debates_SOC2005_01,"5,6,277,403"
oop.debates_HOC2301_20,"5,12,487,488"
oop.debates_SDC3001_03,"1,2,315,316"
oop.debates_SDC3002_02,"1,2,315,530"
oop.debates_HOC3302_06,"5,12,358,359"
oop.debates_CDC3402_04,"1,9,23,28"
oop.debates_CDC0805_01,"1,9,96,97"
oop.debates_HOC1602,"5,12,343,344"
oop.debates_SDC1902_01,"1,2,449,490"
oop.debates_CDC0702,"1,9,58,124"
oop.debates_HOC3201_15,"5,12,333,334"
oop.debates_SOC0704_07,"5,6,39,134"
oop.debates_SOC1703_01,"5,6,354,512"
oop.debates_HOC1302_04,"5,12,229,307"
oop.debates_HOC1103_05,"5,12,458,522"
oop.debates_HOC0802_01,"5,12,21,104"
oop.debates_HOC1404_04,"5,12,256,332"
oop.debates_HOC1202_20,"5,12,370,498"
oop.debates_HOC2701_04,"5,12,384,508"
oop.debates_SOC3402_01,"5,6,29,30"
oop.debates_HOC0404,"5,12,25,136"
oop.debates_CDC1302_03,"1,9,372,613"
oop.debates_HOC0105_01,"5,12,51,189"
oop.debates_HOC3201_01,"5,12,333,334"
oop.debates_HOC2005_02,"5,12,302,660"
oop.debates_CDC1602_03,"1,9,351,363"
oop.debates_HOC1906_20,"5,12,337,338"
oop.debates_CDC3302_01,"1,9,609,610"
oop.debates_HOC2202_04,"5,12,247,263"
oop.debates_SDC1204_20,"1,2,279,567"
oop.debates_CDC2103_20,"1,9,299,443"
oop.debates_HOC1805_20,"5,12,288,400"
oop.debates_HOC1806_20,"5,12,288,506"
oop.debates_CDC0301_01,"1,9,10,46"
oop.debates_SOC1901_01,"5,6,239,253"
oop.debates_HOC3403_99,"5,12,15,16"
oop.debates_CDC3302_03,"1,9,609,610"
oop.debates_CDC3302_02,"1,9,609,610"
oop.debates_SDC1901_01,"1,2,449,474"
oop.debates_CDC1805_20,"1,9,237,418"
oop.debates_HOC0904_06,"5,12,117,218"
oop.debates_CDC1102_02,"1,9,365,528"
oop.debates_CDC1004_03,"1,9,249,436"
oop.debates_HOC2404_02,"5,12,310,602"
oop.debates_HOC2701_05,"5,12,384,508"
oop.debates_CDC2405_02,"1,9,251,252"
oop.debates_HOC0305_01,"5,12,13,139"
oop.debates_HOC1701,"5,12,261,573"
oop.debates_HOC0602_02,"5,12,17,162"
oop.debates_CDC1302_04,"1,9,372,613"
oop.debates_HOC2701_11,"5,12,384,508"
oop.debates_CDC1204,"1,9,308,509"
oop.debates_HOC1901_20,"5,12,337,496"
oop.debates_HOC1403_05,"5,12,256,257"
oop.debates_CDC3301_03,"1,9,609,663"
oop.debates_SDC2204_01,"1,2,313,619"
oop.debates_HOC2107,"5,12,327,328"
oop.debates_HOC2601_03,"5,12,295,296"
oop.debates_CDC2801_05,"1,9,380,428"
oop.debates_HOC0803_02,"5,12,21,22"
oop.debates_CDC2901,"1,9,275,276"
oop.debates_SOC2002,"5,6,277,278"
oop.debates_CDC1004_20,"1,9,249,436"
oop.debates_CDC2601_05,"1,9,231,232"
oop.debates_CDC3403_02,"1,9,23,24"
oop.debates_SDC1203_01,"1,2,279,376"
oop.debates_HOC1802_20,"5,12,288,564"
oop.debates_CDC2003,"1,9,504,505"
oop.debates_CDC0201_01,"1,9,115,176"
oop.debates_HOC2602_05,"5,12,295,518"
oop.debates_HOC0301_01,"5,12,13,27"
oop.debates_CDC2702_20,"1,9,284,285"
oop.debates_CDC1001_03,"1,9,249,250"
oop.debates_CDC2901_07,"1,9,275,276"
oop.debates_HOC1003_04,"5,12,273,431"
oop.debates_CDC3201_13,"1,9,491,521"
oop.debates_SOC1201_01,"5,6,243,630"
oop.debates_HOC1303_01,"5,12,229,230"
oop.debates_HOC1501_04,"5,12,401,402"
oop.debates_CDC1304_03,"1,9,372,438"
oop.debates_HOC3002_03,"5,12,349,576"
oop.debates_CDC0603_02,"1,9,67,169"
oop.debates_SDC2601_01,"1,2,360,361"
oop.debates_HOC1302_02,"5,12,229,307"
oop.debates_CDC3001_08,"1,9,396,397"
oop.debates_HOC2601_05,"5,12,295,296"
oop.debates_HOC1602_03,"5,12,343,344"
oop.debates_HOC2201_04,"5,12,247,601"
oop.debates_CDC3501_03,"1,9,206,211"
oop.debates_HOC3201,"5,12,333,334"
oop.debates_SDC0105,"1,2,60,84"
oop.debates_SOC0402_04,"5,6,73,74"
oop.debates_HOC1701_01,"5,12,261,573"
oop.debates_SDC2005,"1,2,424,425"
oop.debates_SDC1004,"1,2,422,423"
oop.debates_SDC3401,"1,2,193,194"
oop.debates_HOC0102,"5,12,51,192"
oop.debates_SDC3101,"1,2,655,656"
oop.debates_CDC2901_04,"1,9,275,276"
oop.debates_CDC0102_01,"1,9,41,157"
oop.debates_HOC2004_04,"5,12,302,589"
oop.debates_HOC1803_03,"5,12,288,452"
oop.debates_CDC3301_10,"1,9,609,663"
oop.debates_SDC2102_01,"1,2,368,691"
oop.debates_SDC3302,"1,2,404,405"
oop.debates_CDC1101_20,"1,9,365,627"
oop.debates_HOC2201_02,"5,12,247,601"
oop.debates_HOC1004_05,"5,12,273,608"
oop.debates_SOC1902,"5,6,239,494"
oop.debates_CDC1203_02,"1,9,308,622"
oop.debates_HOC3302_08,"5,12,358,359"
oop.debates_CDC1303_02,"1,9,372,373"
oop.debates_CDC3302,"1,9,609,610"
oop.debates_HOC2005,"5,12,302,660"
oop.debates_CDC1902_01,"1,9,347,669"
oop.debates_SOC3402,"5,6,29,30"
oop.debates_SDC2205_01,"1,2,313,682"
oop.debates_SOC1101_01,"5,6,636,644"
oop.debates_CDC1702,"1,9,286,456"
oop.debates_HOC0503_04,"5,12,19,31"
oop.debates_HOC0901_01,"5,12,117,180"
oop.debates_HOC2701_12,"5,12,384,508"
oop.debates_HOC1202_02,"5,12,370,498"
oop.debates_SOC1004_01,"5,6,297,594"
oop.debates_SDC1705_01,"1,2,410,457"
oop.debates_SDC1202_01,"1,2,279,280"
oop.debates_HOC2501_03,"5,12,386,387"
oop.debates_CDC3003_01,"1,9,396,535"
oop.debates_CDC0802,"1,9,96,114"
oop.debates_CDC2701_07,"1,9,284,320"
oop.debates_CDC1705_04,"1,9,286,427"
oop.debates_CDC1204_20,"1,9,308,509"
oop.debates_CDC2402_02,"1,9,251,391"
oop.debates_CDC3002_04,"1,9,396,493"
oop.debates_CDC2202,"1,9,356,541"
oop.debates_CDC1706_20,"1,9,286,287"
oop.debates_HOC1501_20,"5,12,401,402"
oop.debates_HOC1205_03,"5,12,370,371"
oop.debates_CDC1902_02,"1,9,347,669"
oop.debates_CDC1401_05,"1,9,241,532"
oop.debates_CDC2301_04,"1,9,471,472"
oop.debates_CDC2803_20,"1,9,380,502"
oop.debates_SOC1301,"5,6,233,234"
oop.debates_SOC0301_03,"5,6,49,181"
oop.debates_CDC2802_01,"1,9,380,381"
oop.debates_CDC2401_03,"1,9,251,632"
oop.debates_CDC0903_05,"1,9,144,220"
oop.debates_HOC2802_06,"5,12,245,585"
oop.debates_HOC1702_02,"5,12,261,653"
oop.debates_SOC3301_03,"5,6,439,607"
oop.debates_SDC3402_04,"1,2,193,226"
oop.debates_CDC2101_03,"1,9,299,469"
oop.debates_SOC1404,"5,6,463,520"
oop.debates_CDC1204_01,"1,9,308,509"
oop.debates_CDC2301,"1,9,471,472"
oop.debates_CDC1201_20,"1,9,308,309"
oop.debates_HOC2204_20,"5,12,247,248"
oop.debates_HOC2405_20,"5,12,310,325"
oop.debates_CDC2201_03,"1,9,356,473"
oop.debates_HOC0202_01,"5,12,80,86"
oop.debates_HOC2804_20,"5,12,245,447"
oop.debates_HOC2103_20,"5,12,327,687"
oop.debates_HOC0601_01,"5,12,17,185"
oop.debates_SOC2205,"5,6,266,367"
oop.debates_SOC2601_01,"5,6,227,319"
oop.debates_CDC2404_04,"1,9,251,678"
oop.debates_SOC2003,"5,6,277,499"
oop.debates_CDC1402_01,"1,9,241,649"
oop.debates_HOC2404_07,"5,12,310,602"
