BrooksBulletin_2,BrooksBulletin_2
BrooksBulletin_53,BrooksBulletin_53
BrooksBulletin_52,BrooksBulletin_52
BrooksBulletin_20,BrooksBulletin_20
BrooksBulletin_69,BrooksBulletin_69
BrooksBulletin_79,BrooksBulletin_79
BrooksBulletin_34,BrooksBulletin_34
BrooksBulletin_35,BrooksBulletin_35
BrooksBulletin_62,BrooksBulletin_62
BrooksBulletin,BrooksBulletin
BrooksBulletin_50,BrooksBulletin_50
BrooksBulletin_57,BrooksBulletin_57
BrooksBulletin_21,BrooksBulletin_21
BrooksBulletin_60,BrooksBulletin_60
BrooksBulletin_41,BrooksBulletin_41
BrooksBulletin_18,BrooksBulletin_18
BrooksBulletin_22,BrooksBulletin_22
BrooksBulletin_15,BrooksBulletin_15
BrooksBulletin_12,BrooksBulletin_12
BrooksBulletin_70,BrooksBulletin_70
BrooksBulletin_5,BrooksBulletin_5
BrooksBulletin_61,BrooksBulletin_61
BrooksBulletin_40,BrooksBulletin_40
BrooksBulletin_68,BrooksBulletin_68
BrooksBulletin_7,BrooksBulletin_7
BrooksBulletin_63,BrooksBulletin_63
BrooksBulletin_74,BrooksBulletin_74
BrooksBulletin_46,BrooksBulletin_46
BrooksBulletin_6,BrooksBulletin_6
BrooksBulletin_71,BrooksBulletin_71
BrooksBulletin_44,BrooksBulletin_44
BrooksBulletin_42,BrooksBulletin_42
BrooksBulletin_36,BrooksBulletin_36
BrooksBulletin_37,BrooksBulletin_37
BrooksBulletin_8,BrooksBulletin_8
BrooksBulletin_3,BrooksBulletin_3
BrooksBulletin_48,BrooksBulletin_48
BrooksBulletin_17,BrooksBulletin_17
BrooksBulletin_27,BrooksBulletin_27
BrooksBulletin_16,BrooksBulletin_16
BrooksBulletin_26,BrooksBulletin_26
BrooksBulletin_4,BrooksBulletin_4
BrooksBulletin_31,BrooksBulletin_31
BrooksBulletin_56,BrooksBulletin_56
BrooksBulletin_32,BrooksBulletin_32
BrooksBulletin_1,BrooksBulletin_1
BrooksBulletin_19,BrooksBulletin_19
BrooksBulletin_58,BrooksBulletin_58
BrooksBulletin_38,BrooksBulletin_38
BrooksBulletin_24,BrooksBulletin_24
BrooksBulletin_10,BrooksBulletin_10
BrooksBulletin_64,BrooksBulletin_64
BrooksBulletin_67,BrooksBulletin_67
BrooksBulletin_14,BrooksBulletin_14
BrooksBulletin_49,BrooksBulletin_49
BrooksBulletin_28,BrooksBulletin_28
BrooksBulletin_76,BrooksBulletin_76
BrooksBulletin_9,BrooksBulletin_9
BrooksBulletin_73,BrooksBulletin_73
BrooksBulletin_45,BrooksBulletin_45
BrooksBulletin_13,BrooksBulletin_13
BrooksBulletin_25,BrooksBulletin_25
BrooksBulletin_29,BrooksBulletin_29
BrooksBulletin_77,BrooksBulletin_77
BrooksBulletin_39,BrooksBulletin_39
BrooksBulletin_66,BrooksBulletin_66
BrooksBulletin_59,BrooksBulletin_59
BrooksBulletin_33,BrooksBulletin_33
BrooksBulletin_72,BrooksBulletin_72
BrooksBulletin_55,BrooksBulletin_55
BrooksBulletin_23,BrooksBulletin_23
BrooksBulletin_75,BrooksBulletin_75
BrooksBulletin_78,BrooksBulletin_78
BrooksBulletin_47,BrooksBulletin_47
BrooksBulletin_65,BrooksBulletin_65
BrooksBulletin_51,BrooksBulletin_51
BrooksBulletin_43,BrooksBulletin_43
BrooksBulletin_11,BrooksBulletin_11
BrooksBulletin_54,BrooksBulletin_54
BrooksBulletin_30,BrooksBulletin_30
