PortCreditWeekly11,PortCreditWeekly11
TheWeekly17,TheWeekly17
TheWeekly20,TheWeekly20
PortCreditWeekly13,PortCreditWeekly13
PortCreditWeekly15,PortCreditWeekly15
TheWeekly19,TheWeekly19
TheWeekly26,TheWeekly26
TheWeekly18,TheWeekly18
SouthPeelWeekly_1,SouthPeelWeekly_1
PortCreditWeekly10,PortCreditWeekly10
PortCreditWeekly12,PortCreditWeekly12
PortCreditWeekly14,PortCreditWeekly14
PortCreditWeekly_7,PortCreditWeekly_7
PortCreditWeekly_5,PortCreditWeekly_5
TheWeekly_1,TheWeekly_1
SouthPeelWeekly_30,SouthPeelWeekly_30
SouthPeelWeekly_28,SouthPeelWeekly_28
TheWeekly22,TheWeekly22
TheWeekly24,TheWeekly24
TheWeekly25,TheWeekly25
SouthPeelWeekly_29,SouthPeelWeekly_29
MississaugaTimes_1,MississaugaTimes_1
PortCreditWeekly_9,PortCreditWeekly_9
PortCreditWeekly16,PortCreditWeekly16
PortCreditWeekly_6,PortCreditWeekly_6
PortCreditWeekly_8,PortCreditWeekly_8
TheWeekly23,TheWeekly23
TheWeekly27,TheWeekly27
PortCreditWeekly_1,PortCreditWeekly_1
PortCreditNews_2,PortCreditNews_2
TheWeekly,TheWeekly
SouthPeelWeekly,SouthPeelWeekly
PortCreditNews_4,PortCreditNews_4
MississaugaTimes,MississaugaTimes
PortCreditNews,PortCreditNews
PortCreditWeekly,PortCreditWeekly
PortCreditNews_3,PortCreditNews_3
TheWeekly21,TheWeekly21
PortCreditNews_1,PortCreditNews_1
